"variable","lhs_median_min","lhs_median_max"
"cs_pop[10]",2.711635,5.468135
"cs_pop[1]",1.129335,1.76176
"cs_pop[2]",1.806625,2.87381
"cs_pop[3]",2.406155,3.837675
"cs_pop[4]",2.42023,3.90887
"cs_pop[5]",2.088345,3.218275
"cs_pop[6]",2.59529,4.052945
"cs_pop[7]",3.072315,3.959405
"cs_pop[8]",3.01352,6.08733
"cs_pop[9]",2.76752,5.58736
"cum_cs_w[10]",203,216
"cum_cs_w[11]",198,210
"cum_cs_w[1]",251,255.5
"cum_cs_w[2]",246,251
"cum_cs_w[3]",240,246
"cum_cs_w[4]",235,242
"cum_cs_w[5]",230,238
"cum_cs_w[6]",224,233
"cum_cs_w[7]",219,228
"cum_cs_w[8]",213,223
"cum_cs_w[9]",209,219
"gst_pop[10]",37.90795,60.5391
"gst_pop[1]",9.81315,16.1567
"gst_pop[2]",13.61975,22.36585
"gst_pop[3]",17.874,29.3138
"gst_pop[4]",16.841,27.58485
"gst_pop[5]",14.68065,23.96705
"gst_pop[6]",20.4093,33.0591
"gst_pop[7]",35.5007,56.77415
"gst_pop[8]",41.53085,66.15575
"gst_pop[9]",38.56475,61.42065
"i_t[1]",1278.18,2125.79
"i_t[39]",6028.17,9884.155
"p1[1]",0.520293,0.5570025
"p1[2]",0.181104,0.1939805
"p1[3]",0.202089,0.250701
"p2[1]",0.4315525,0.5741305
"p2[2]",0.1736885,0.197064
"p2[3]",0.1797395,0.3557655
"p3[1]",0.2174345,0.236907
"p3[2]",0.29372,0.361997
"p3[3]",0.30745,0.418653
"rep",0.114642,0.1890685
"rr[1]",4.816935,7.462655
"rr[2]",1.1018,1.150045
"rr[3]",1.05817,1.072505
"rr[4]",1.091095,1.1329
"rr[5]",1.24933,1.363125
"rr[6]",2.430495,4.148635
"rrisk",0.319132,1.06035
"s_i",0.118898,0.1206465
