"Fit","Setting","Divergent_transitions","Max_Rhat","p_loo","Pareto_k_gt_0.7_of_273"
"Primary model (main)","1000+1000",0,"1.03","53.4",8
"Reporting fraction: 3 periods","1000+1000",0,"1.01","55.7",8
"Delay distribution: 1 period","500+500",0,"1.04","52.5",4
"Delay distribution: 2 periods","500+500",0,"1.06","52.0",4
"CS risk: pooled single value","500+500",0,"1.07","54.1",7
"CS risk: 2016-2021 value only","500+500",0,"1.07","52.5",8
"s(a) prior: lognormal(0, 0.5)","500+500",0,"1.12","52.7",3
"s(a) prior: lognormal(0, 1.0)","500+500",0,"1.09","53.3",6
"s(a) lower bound: 0.8","500+500",0,"1.06","52.1",5
"s(a) lower bound: 0.5","500+500",0,"1.07","53.3",6
