"Alternative","elpd_loo_diff_alt_minus_primary","SE","Ratio_diff_over_SE"
"Reporting fraction: 3 periods","6.38","3.33","1.91"
"Delay distribution: 1 period","1.47","1.02","1.45"
"Delay distribution: 2 periods","1.75","1.02","1.72"
"CS risk: pooled single value","9.32","5.04","1.85"
"CS risk: 2016-2021 value only","10.58","4.99","2.12"
"s(a) prior: lognormal(0, 0.5)","1.36","0.65","2.10"
"s(a) prior: lognormal(0, 1.0)","1.91","0.84","2.28"
"s(a) lower bound: 0.8","1.00","0.73","1.37"
"s(a) lower bound: 0.5","0.03","0.48","0.05"
