"category","age_band","time","year","observed","lo90","hi90","covered_90","lo95","hi95","covered_95"
1,"15-19",1,2016,17,15,31,TRUE,13,33,TRUE
2,"20-24",1,2016,90,78,115,TRUE,75,119,TRUE
3,"25-29",1,2016,59,46,75,TRUE,44,77,TRUE
4,"30-34",1,2016,33,20,38,TRUE,18,40,TRUE
5,"35-39",1,2016,20,12,27,TRUE,11,29,TRUE
6,"40-44",1,2016,13,9,23,TRUE,8,24,TRUE
1,"15-19",2,2016,27,19,36,TRUE,17,39,TRUE
2,"20-24",2,2016,114,96,139,TRUE,92,143,TRUE
3,"25-29",2,2016,78,58,89,TRUE,55,91,TRUE
4,"30-34",2,2016,40,25,45,TRUE,23,47,TRUE
5,"35-39",2,2016,20,16,32.0499999999997,TRUE,14,34,TRUE
6,"40-44",2,2016,26,12,27,TRUE,11,29,TRUE
1,"15-19",3,2016,26,20,38,TRUE,18,40,TRUE
2,"20-24",3,2016,116,103,144,TRUE,99,148,TRUE
3,"25-29",3,2016,79,62,93,TRUE,59,96,TRUE
4,"30-34",3,2016,42,27,47,TRUE,25,50,TRUE
5,"35-39",3,2016,30,17,34,TRUE,16,36,TRUE
6,"40-44",3,2016,22,13,28,TRUE,12,29,TRUE
1,"15-19",4,2016,34,20,37,TRUE,18,40,TRUE
2,"20-24",4,2016,109,102,143,TRUE,98.975,147,TRUE
3,"25-29",4,2016,73,61,92,TRUE,58,95,TRUE
4,"30-34",4,2016,43,27,47,TRUE,24,49,TRUE
5,"35-39",4,2016,31,17,33,TRUE,15,36,TRUE
6,"40-44",4,2016,13,13,28,TRUE,11.975,29,TRUE
1,"15-19",5,2017,20,21,40,FALSE,19,42,TRUE
2,"20-24",5,2017,105,109,151,FALSE,105,155,TRUE
3,"25-29",5,2017,94,65,97,TRUE,62,101,TRUE
4,"30-34",5,2017,42,28,50,TRUE,26,52,TRUE
5,"35-39",5,2017,29,18,35,TRUE,17,37,TRUE
6,"40-44",5,2017,29,14,29,TRUE,12,31,TRUE
1,"15-19",6,2017,32,27,47,TRUE,25,50,TRUE
2,"20-24",6,2017,154,135,183,TRUE,132,187,TRUE
3,"25-29",6,2017,102,81,118,TRUE,78,121,TRUE
4,"30-34",6,2017,48,36,60,TRUE,34,62,TRUE
5,"35-39",6,2017,48,23,42,FALSE,21,44,FALSE
6,"40-44",6,2017,30,17,35,TRUE,16,37,TRUE
1,"15-19",7,2017,39,29,50,TRUE,27,52,TRUE
2,"20-24",7,2017,147,145,193,TRUE,141,198,TRUE
3,"25-29",7,2017,107,87,124,TRUE,84,128,TRUE
4,"30-34",7,2017,59,39,63,TRUE,36,66,TRUE
5,"35-39",7,2017,50,24,45,FALSE,23,47,FALSE
6,"40-44",7,2017,29,19,37,TRUE,17,39,TRUE
1,"15-19",8,2017,39,29,51,TRUE,27,53,TRUE
2,"20-24",8,2017,146,147,196,FALSE,141,200,TRUE
3,"25-29",8,2017,115,88,125,TRUE,85,129,TRUE
4,"30-34",8,2017,71,39,64,FALSE,37,66,FALSE
5,"35-39",8,2017,35,25,45,TRUE,23,47,TRUE
6,"40-44",8,2017,28,19,37,TRUE,18,39,TRUE
1,"15-19",9,2018,45,30,51,TRUE,27,53,TRUE
2,"20-24",9,2018,143,148,197,FALSE,143,202,TRUE
3,"25-29",9,2018,96,89,126,TRUE,86,130,TRUE
4,"30-34",9,2018,59,39.95,64,TRUE,37,67,TRUE
5,"35-39",9,2018,39,25,45,TRUE,23.975,48,TRUE
6,"40-44",9,2018,40,20,38,FALSE,18,40,TRUE
1,"15-19",10,2018,53,37,61,TRUE,35,64,TRUE
2,"20-24",10,2018,215,183,238,TRUE,177.975,244,TRUE
3,"25-29",10,2018,124,111,152,TRUE,107,157,TRUE
4,"30-34",10,2018,62,50,77,TRUE,47,80,TRUE
5,"35-39",10,2018,49,32,54,TRUE,30,56,TRUE
6,"40-44",10,2018,40,25,45,TRUE,23,47,TRUE
1,"15-19",11,2018,59,39,64,TRUE,38,67,TRUE
2,"20-24",11,2018,206,193,249,TRUE,188,255,TRUE
3,"25-29",11,2018,133,116,159,TRUE,113,164,TRUE
4,"30-34",11,2018,81,52,80,FALSE,49,83,TRUE
5,"35-39",11,2018,42,34,56,TRUE,32,59,TRUE
6,"40-44",11,2018,46,27,47,TRUE,25,49,TRUE
1,"15-19",12,2018,56,36,60,TRUE,34,63,TRUE
2,"20-24",12,2018,187,181,235,TRUE,176,240.025,TRUE
3,"25-29",12,2018,135,109,150,TRUE,105,154,TRUE
4,"30-34",12,2018,58,49,76,TRUE,46,78,TRUE
5,"35-39",12,2018,50,32,54,TRUE,30,56,TRUE
6,"40-44",12,2018,42,24,44,TRUE,23,46,TRUE
1,"15-19",13,2019,47,32,54,TRUE,30,57,TRUE
2,"20-24",13,2019,166,160,213,TRUE,155.975,218,TRUE
3,"25-29",13,2019,114,96,135,TRUE,93,139,TRUE
4,"30-34",13,2019,62,43,69,TRUE,41,71,TRUE
5,"35-39",13,2019,36,28,49,TRUE,26,51,TRUE
6,"40-44",13,2019,29,21,40,TRUE,20,42,TRUE
1,"15-19",14,2019,51,35,59,TRUE,34,61.0250000000001,TRUE
2,"20-24",14,2019,212,176,230,TRUE,171,236,TRUE
3,"25-29",14,2019,111,106,147,TRUE,102,151,TRUE
4,"30-34",14,2019,78,47,74,FALSE,45,77,FALSE
5,"35-39",14,2019,39,30,53,TRUE,29,55,TRUE
6,"40-44",14,2019,33,23,43,TRUE,22,46,TRUE
1,"15-19",15,2019,45,33,55,TRUE,31,58,TRUE
2,"20-24",15,2019,185,161,212,TRUE,156,218,TRUE
3,"25-29",15,2019,113,97.95,136,TRUE,93,140,TRUE
4,"30-34",15,2019,61,43,69,TRUE,41,72,TRUE
5,"35-39",15,2019,37,28,49,TRUE,26,51,TRUE
6,"40-44",15,2019,27,22,40,TRUE,20,42,TRUE
1,"15-19",16,2019,52,31,53,TRUE,29,55,TRUE
2,"20-24",16,2019,164,152,202,TRUE,147,207,TRUE
3,"25-29",16,2019,109,91,130,TRUE,88,134,TRUE
4,"30-34",16,2019,51,40,66,TRUE,38,68,TRUE
5,"35-39",16,2019,37,26,46,TRUE,24,49,TRUE
6,"40-44",16,2019,29,20,38,TRUE,19,40,TRUE
1,"15-19",17,2020,45,30,51,TRUE,28,53,TRUE
2,"20-24",17,2020,178,148,198,TRUE,143,202.025,TRUE
3,"25-29",17,2020,98,89,126,TRUE,86,130,TRUE
4,"30-34",17,2020,56,39,65,TRUE,37,67,TRUE
5,"35-39",17,2020,34,25,45,TRUE,24,47,TRUE
6,"40-44",17,2020,24,20,38,TRUE,18,39,TRUE
1,"15-19",18,2020,41,29,50,TRUE,27,53,TRUE
2,"20-24",18,2020,157,145,194,TRUE,141,199,TRUE
3,"25-29",18,2020,114,87,124,TRUE,84,128,TRUE
4,"30-34",18,2020,49,39,63,TRUE,37,65.0250000000001,TRUE
5,"35-39",18,2020,41,25,45,TRUE,23,47,TRUE
6,"40-44",18,2020,30,19,37,TRUE,18,39,TRUE
1,"15-19",19,2020,33,26,47,TRUE,24,49,TRUE
2,"20-24",19,2020,134,133,181,TRUE,129,185,TRUE
3,"25-29",19,2020,108,80,115,TRUE,77,119,TRUE
4,"30-34",19,2020,52,36,59,TRUE,33.975,61,TRUE
5,"35-39",19,2020,37,23,42,TRUE,21,44,TRUE
6,"40-44",19,2020,22,17,34,TRUE,16,36,TRUE
1,"15-19",20,2020,23,27,48,FALSE,26,50,FALSE
2,"20-24",20,2020,164,138,186,TRUE,133.975,191,TRUE
3,"25-29",20,2020,105,83,118.05,TRUE,79,123,TRUE
4,"30-34",20,2020,52,37,61,TRUE,35,64,TRUE
5,"35-39",20,2020,31,24,43,TRUE,22,45,TRUE
6,"40-44",20,2020,29,18,35,TRUE,16,37,TRUE
1,"15-19",21,2021,34,30,52,TRUE,28,54,TRUE
2,"20-24",21,2021,154,149,199,TRUE,144,204,TRUE
3,"25-29",21,2021,123,89,127,TRUE,86,132,TRUE
4,"30-34",21,2021,57,40,65,TRUE,38,67,TRUE
5,"35-39",21,2021,43,25,46,TRUE,24,49,TRUE
6,"40-44",21,2021,23,20,38,TRUE,18,40,TRUE
1,"15-19",22,2021,36,36,59,TRUE,33,62,TRUE
2,"20-24",22,2021,205,177,230,TRUE,171,235,TRUE
3,"25-29",22,2021,130,107,146,TRUE,103,150,TRUE
4,"30-34",22,2021,62,48,74,TRUE,45,77,TRUE
5,"35-39",22,2021,36,30,53,TRUE,28,55,TRUE
6,"40-44",22,2021,37,24,44,TRUE,22,45,TRUE
1,"15-19",23,2021,46,47,73,FALSE,44,76,TRUE
2,"20-24",23,2021,264,226,286,TRUE,220,292,TRUE
3,"25-29",23,2021,162,137,182,TRUE,132,187,TRUE
4,"30-34",23,2021,92,61,91,FALSE,59,94,TRUE
5,"35-39",23,2021,52,40,64,TRUE,38,67,TRUE
6,"40-44",23,2021,39,31,53,TRUE,30,55,TRUE
1,"15-19",24,2021,52,52,80,TRUE,50,82.0250000000001,TRUE
2,"20-24",24,2021,299,251,315,TRUE,246,322,TRUE
3,"25-29",24,2021,163,151.95,200,TRUE,147,205,TRUE
4,"30-34",24,2021,84,68,100,TRUE,65,103,TRUE
5,"35-39",24,2021,72,45,71,FALSE,42,74,TRUE
6,"40-44",24,2021,48,35,58,TRUE,33,61,TRUE
1,"15-19",25,2022,66,54,83,TRUE,52,86,TRUE
2,"20-24",25,2022,320,260,327,TRUE,254,333,TRUE
3,"25-29",25,2022,167,158,207,TRUE,155,211,TRUE
4,"30-34",25,2022,78,72,104,TRUE,69,107,TRUE
5,"35-39",25,2022,52,47,73,TRUE,44.975,76,TRUE
6,"40-44",25,2022,41,36,60,TRUE,35,62,TRUE
1,"15-19",26,2022,78,71,103,TRUE,69,107,TRUE
2,"20-24",26,2022,383,338,411,TRUE,331.975,417,TRUE
3,"25-29",26,2022,246,207,262,TRUE,201,268,TRUE
4,"30-34",26,2022,116,94,131,TRUE,91,135,TRUE
5,"35-39",26,2022,63,61,91,TRUE,58,94,TRUE
6,"40-44",26,2022,62,48,75,TRUE,45,78,TRUE
1,"15-19",27,2022,87,89,126,FALSE,86,129,TRUE
2,"20-24",27,2022,479,418,500,TRUE,411,508,TRUE
3,"25-29",27,2022,308,255,317,TRUE,249,323,TRUE
4,"30-34",27,2022,129,116,158,TRUE,112,162,TRUE
5,"35-39",27,2022,88,77,110,TRUE,74,113,TRUE
6,"40-44",27,2022,81,61,90,TRUE,58,94,TRUE
1,"15-19",28,2022,112,88,123,TRUE,85,127,TRUE
2,"20-24",28,2022,454,412,495,TRUE,405,504,TRUE
3,"25-29",28,2022,264,251,312,TRUE,245,319,TRUE
4,"30-34",28,2022,135,114,155.05,TRUE,111,160,TRUE
5,"35-39",28,2022,103,76,109,TRUE,73,113,TRUE
6,"40-44",28,2022,68,59,90,TRUE,57,92,TRUE
1,"15-19",29,2023,101,88,123,TRUE,84,127,TRUE
2,"20-24",29,2023,447,413,495,TRUE,406,503,TRUE
3,"25-29",29,2023,279,251,313,TRUE,246,320,TRUE
4,"30-34",29,2023,135,115,155,TRUE,111,159,TRUE
5,"35-39",29,2023,103,76,109,TRUE,73.975,113,TRUE
6,"40-44",29,2023,70,60,89,TRUE,57,93,TRUE
1,"15-19",30,2023,111,96,133,TRUE,93,136.025,TRUE
2,"20-24",30,2023,538,448,532,FALSE,442,540,TRUE
3,"25-29",30,2023,283,274,338,TRUE,267,346,TRUE
4,"30-34",30,2023,147,125,168,TRUE,121,173,TRUE
5,"35-39",30,2023,97,82,117,TRUE,79,121,TRUE
6,"40-44",30,2023,68,65,96,TRUE,63,100,TRUE
1,"15-19",31,2023,106,89,125,TRUE,86,129,TRUE
2,"20-24",31,2023,458,418,499,TRUE,409,508,TRUE
3,"25-29",31,2023,283,254.95,318,TRUE,249,324,TRUE
4,"30-34",31,2023,126,117,158,TRUE,113,163,TRUE
5,"35-39",31,2023,90,76.95,110,TRUE,74,114,TRUE
6,"40-44",31,2023,92,60,90,FALSE,58,93,TRUE
1,"15-19",32,2023,111,82,117,TRUE,79,120,TRUE
2,"20-24",32,2023,397,386,465.05,TRUE,379,473.025,TRUE
3,"25-29",32,2023,278,235,294,TRUE,229,300,TRUE
4,"30-34",32,2023,118,108,147,TRUE,104,151,TRUE
5,"35-39",32,2023,94,71,103,TRUE,67,106,TRUE
6,"40-44",32,2023,71,56,84,TRUE,53,88,TRUE
1,"15-19",33,2024,106,79,113,TRUE,76,115,TRUE
2,"20-24",33,2024,425,371,449,TRUE,364,456,TRUE
3,"25-29",33,2024,253,225,284,TRUE,220,289,TRUE
4,"30-34",33,2024,103,103,142,TRUE,99,146,TRUE
5,"35-39",33,2024,69,68,99,TRUE,65,103,TRUE
6,"40-44",33,2024,62,53,81,TRUE,51,85,TRUE
1,"15-19",34,2024,108,88,124,TRUE,85,127,TRUE
2,"20-24",34,2024,503,411,494.05,FALSE,402.975,503,TRUE
3,"25-29",34,2024,264,251,314,TRUE,246,319,TRUE
4,"30-34",34,2024,127,115,157,TRUE,111,160,TRUE
5,"35-39",34,2024,73,75,109,FALSE,72,112,TRUE
6,"40-44",34,2024,67,60,89,TRUE,57,92,TRUE
1,"15-19",35,2024,123,93,129,TRUE,89.975,133,TRUE
2,"20-24",35,2024,532,439,522,FALSE,430,530,FALSE
3,"25-29",35,2024,281,266,330,TRUE,261,337,TRUE
4,"30-34",35,2024,121,122,165,FALSE,119,168,TRUE
5,"35-39",35,2024,81,80,115,TRUE,77,118,TRUE
6,"40-44",35,2024,72,64,93,TRUE,61,96,TRUE
1,"15-19",36,2024,115,91,127.05,TRUE,88,131,TRUE
2,"20-24",36,2024,491,428,510,TRUE,419.975,519,TRUE
3,"25-29",36,2024,298,259,324,TRUE,253,331,TRUE
4,"30-34",36,2024,114,119,161,FALSE,115,164,FALSE
5,"35-39",36,2024,93,79,113,TRUE,75.975,116.025,TRUE
6,"40-44",36,2024,69,63,92,TRUE,60,95,TRUE
1,"15-19",37,2025,108,83,117,TRUE,80,120,TRUE
2,"20-24",37,2025,422,388,469,TRUE,380,477,TRUE
3,"25-29",37,2025,271,237,296,TRUE,232,304,TRUE
4,"30-34",37,2025,132,108.95,148,TRUE,105,153,TRUE
5,"35-39",37,2025,68,72,103,FALSE,69,107,FALSE
6,"40-44",37,2025,59,56,85,TRUE,53,88,TRUE
1,"15-19",38,2025,110,94,131,TRUE,91,134,TRUE
2,"20-24",38,2025,488,441,524,TRUE,430,534,TRUE
3,"25-29",38,2025,336,267.95,333,FALSE,262,339,TRUE
4,"30-34",38,2025,119,123,165,FALSE,119,170,TRUE
5,"35-39",38,2025,95,82,116,TRUE,78,119,TRUE
6,"40-44",38,2025,74,64,94,TRUE,61,97,TRUE
1,"15-19",39,2025,107,88,123,TRUE,84,127,TRUE
2,"20-24",39,2025,466,411,492,TRUE,405,500,TRUE
3,"25-29",39,2025,281,251,312,TRUE,246,318,TRUE
4,"30-34",39,2025,128,115,156,TRUE,111,160,TRUE
5,"35-39",39,2025,79,76,109,TRUE,73,112,TRUE
6,"40-44",39,2025,70,60,89,TRUE,57,92,TRUE
