"var1","var2","r"
"rho (reporting fraction)","j(t) 2025 Q3",-0.953
"rho (reporting fraction)","j(t) 2016 Q1",-0.867
"j(t) 2016 Q1","j(t) 2025 Q3",0.848
"f(u) 2022-2025, u=2","f(u) 2022-2025, u=3",-0.663
"f(u) 2020-2021, u=1","f(u) 2020-2021, u=3",-0.561
"f(u) 2020-2021, u=1","f(u) 2020-2021, u=2",-0.544
"f(u) 2016-2019, u=1","f(u) 2016-2019, u=2",-0.514
"f(u) 2016-2019, u=1","f(u) 2016-2019, u=3",-0.499
"f(u) 2016-2019, u=2","f(u) 2016-2019, u=3",-0.486
"f(u) 2022-2025, u=1","f(u) 2022-2025, u=2",-0.437
"rho (reporting fraction)","s(a) 40-44y",0.427
"j(t) 2025 Q3","s(a) 40-44y",-0.405
"rho (reporting fraction)","s(a) 30-34y",0.402
"rho (reporting fraction)","s(a) 35-39y",0.394
"f(u) 2020-2021, u=2","f(u) 2020-2021, u=3",-0.389
"f(u) 2022-2025, u=1","f(u) 2022-2025, u=3",-0.384
"j(t) 2016 Q1","s(a) 40-44y",-0.373
"j(t) 2025 Q3","s(a) 30-34y",-0.372
"j(t) 2025 Q3","s(a) 35-39y",-0.369
"rho (reporting fraction)","s(a) 25-29y",0.351
"j(t) 2016 Q1","s(a) 30-34y",-0.338
"f(u) 2020-2021, u=3","f(u) 2022-2025, u=3",0.333
"rho (reporting fraction)","s(a) 15-19y",0.328
"j(t) 2025 Q3","s(a) 25-29y",-0.324
"j(t) 2016 Q1","s(a) 35-39y",-0.314
"rho (reporting fraction)","s(a) 20-24y",0.309
"j(t) 2025 Q3","s(a) 15-19y",-0.308
"j(t) 2016 Q1","s(a) 25-29y",-0.297
"j(t) 2016 Q1","s(a) 15-19y",-0.291
"j(t) 2025 Q3","s(a) 20-24y",-0.288
"f(u) 2020-2021, u=1","f(u) 2022-2025, u=1",0.283
"f(u) 2016-2019, u=1","f(u) 2020-2021, u=1",0.279
"j(t) 2016 Q1","s(a) 20-24y",-0.271
"f(u) 2020-2021, u=3","f(u) 2022-2025, u=1",-0.243
"f(u) 2016-2019, u=3","f(u) 2020-2021, u=3",0.236
"f(u) 2020-2021, u=1","f(u) 2022-2025, u=3",-0.229
"f(u) 2016-2019, u=3","f(u) 2020-2021, u=1",-0.211
"f(u) 2016-2019, u=1","f(u) 2020-2021, u=3",-0.176
"f(u) 2016-2019, u=2","f(u) 2020-2021, u=2",0.137
"f(u) 2020-2021, u=2","f(u) 2022-2025, u=2",0.136
"f(u) 2016-2019, u=1","f(u) 2020-2021, u=2",-0.132
"f(u) 2020-2021, u=3","f(u) 2022-2025, u=2",-0.127
"j(t) 2016 Q1","s_i (random-walk SD)",-0.11
"rho (reporting fraction)","f(u) 2022-2025, u=3",-0.093
"j(t) 2016 Q1","f(u) 2022-2025, u=3",0.093
"f(u) 2016-2019, u=1","f(u) 2022-2025, u=1",0.09
"j(t) 2025 Q3","f(u) 2022-2025, u=3",0.088
"f(u) 2020-2021, u=2","f(u) 2022-2025, u=3",-0.083
"f(u) 2016-2019, u=3","f(u) 2022-2025, u=1",-0.081
"s(a) 15-19y","s(a) 40-44y",0.075
"f(u) 2016-2019, u=2","f(u) 2020-2021, u=1",-0.072
"f(u) 2016-2019, u=3","f(u) 2022-2025, u=3",0.071
"f(u) 2020-2021, u=2","f(u) 2022-2025, u=1",-0.069
"rho (reporting fraction)","f(u) 2022-2025, u=1",0.068
"j(t) 2016 Q1","f(u) 2022-2025, u=1",-0.061
"j(t) 2025 Q3","f(u) 2022-2025, u=1",-0.059
"rho (reporting fraction)","f(u) 2020-2021, u=1",0.057
"s(a) 20-24y","s(a) 35-39y",0.056
"f(u) 2016-2019, u=2","f(u) 2020-2021, u=3",-0.056
"j(t) 2016 Q1","f(u) 2020-2021, u=1",-0.055
"s(a) 40-44y","f(u) 2016-2019, u=3",0.055
"s(a) 30-34y","s(a) 35-39y",0.054
"s(a) 30-34y","s(a) 40-44y",0.053
"j(t) 2025 Q3","f(u) 2020-2021, u=1",-0.052
"s(a) 20-24y","s(a) 30-34y",0.051
"s(a) 35-39y","f(u) 2020-2021, u=2",-0.05
"s(a) 15-19y","s(a) 35-39y",0.049
"s(a) 20-24y","s(a) 25-29y",0.045
"s(a) 25-29y","s(a) 35-39y",0.043
"f(u) 2016-2019, u=2","f(u) 2022-2025, u=2",0.043
"j(t) 2016 Q1","f(u) 2022-2025, u=2",-0.042
"s(a) 35-39y","f(u) 2020-2021, u=1",0.041
"f(u) 2016-2019, u=1","f(u) 2022-2025, u=2",-0.04
"j(t) 2025 Q3","f(u) 2020-2021, u=2",0.038
"j(t) 2025 Q3","f(u) 2022-2025, u=2",-0.038
"s(a) 15-19y","s(a) 25-29y",0.038
"s(a) 30-34y","f(u) 2016-2019, u=2",0.038
"rho (reporting fraction)","f(u) 2020-2021, u=2",-0.036
"j(t) 2016 Q1","f(u) 2020-2021, u=3",0.036
"s(a) 20-24y","s(a) 40-44y",0.036
"f(u) 2016-2019, u=2","f(u) 2022-2025, u=3",-0.036
"rho (reporting fraction)","f(u) 2022-2025, u=2",0.035
"f(u) 2016-2019, u=1","f(u) 2022-2025, u=3",-0.034
"s(a) 20-24y","f(u) 2016-2019, u=2",0.033
"s(a) 20-24y","f(u) 2022-2025, u=1",0.033
"s(a) 40-44y","f(u) 2016-2019, u=2",-0.033
"s(a) 15-19y","s(a) 20-24y",0.03
"s(a) 25-29y","f(u) 2022-2025, u=2",0.029
"j(t) 2016 Q1","f(u) 2016-2019, u=1",-0.028
"j(t) 2016 Q1","f(u) 2016-2019, u=3",0.028
"rho (reporting fraction)","f(u) 2020-2021, u=3",-0.027
"s(a) 25-29y","s(a) 30-34y",0.027
"s(a) 30-34y","f(u) 2016-2019, u=3",-0.027
"j(t) 2025 Q3","s_i (random-walk SD)",-0.026
"s(a) 20-24y","s_i (random-walk SD)",0.026
"s(a) 25-29y","f(u) 2020-2021, u=2",-0.026
"j(t) 2016 Q1","f(u) 2020-2021, u=2",0.025
"s(a) 20-24y","f(u) 2016-2019, u=3",-0.025
"s(a) 40-44y","f(u) 2022-2025, u=1",-0.025
"s(a) 15-19y","f(u) 2020-2021, u=3",0.024
"s_i (random-walk SD)","f(u) 2020-2021, u=3",-0.024
"s(a) 25-29y","f(u) 2022-2025, u=3",-0.023
"rho (reporting fraction)","s_i (random-walk SD)",0.022
"s(a) 35-39y","f(u) 2016-2019, u=1",0.022
"s(a) 40-44y","f(u) 2016-2019, u=1",-0.022
"s(a) 25-29y","s_i (random-walk SD)",0.021
"s(a) 25-29y","f(u) 2020-2021, u=1",0.021
"j(t) 2025 Q3","f(u) 2020-2021, u=3",0.02
"s(a) 40-44y","s_i (random-walk SD)",0.02
"s(a) 15-19y","f(u) 2016-2019, u=1",-0.019
"s(a) 40-44y","f(u) 2020-2021, u=3",0.019
"s(a) 20-24y","f(u) 2022-2025, u=3",-0.018
"s(a) 35-39y","s_i (random-walk SD)",-0.018
"s(a) 15-19y","s(a) 30-34y",0.017
"s(a) 15-19y","f(u) 2022-2025, u=1",0.017
"s_i (random-walk SD)","f(u) 2022-2025, u=3",-0.017
"s(a) 30-34y","f(u) 2022-2025, u=3",-0.016
"s(a) 40-44y","f(u) 2022-2025, u=3",0.016
"s_i (random-walk SD)","f(u) 2022-2025, u=1",0.016
"s(a) 15-19y","f(u) 2020-2021, u=2",-0.015
"s(a) 25-29y","s(a) 40-44y",0.014
"s(a) 15-19y","s_i (random-walk SD)",-0.013
"s(a) 15-19y","f(u) 2016-2019, u=2",0.013
"s(a) 35-39y","s(a) 40-44y",0.013
"s(a) 40-44y","f(u) 2020-2021, u=1",-0.013
"s_i (random-walk SD)","f(u) 2016-2019, u=2",0.013
"rho (reporting fraction)","f(u) 2016-2019, u=3",-0.012
"s(a) 30-34y","f(u) 2022-2025, u=2",0.012
"s_i (random-walk SD)","f(u) 2020-2021, u=2",0.012
"s(a) 15-19y","f(u) 2022-2025, u=3",-0.011
"s(a) 30-34y","f(u) 2016-2019, u=1",-0.011
"s(a) 35-39y","f(u) 2016-2019, u=2",-0.011
"s(a) 35-39y","f(u) 2016-2019, u=3",-0.011
"s_i (random-walk SD)","f(u) 2020-2021, u=1",0.011
"j(t) 2025 Q3","f(u) 2016-2019, u=1",-0.01
"j(t) 2025 Q3","f(u) 2016-2019, u=3",0.01
"s(a) 20-24y","f(u) 2022-2025, u=2",-0.01
"f(u) 2016-2019, u=2","f(u) 2022-2025, u=1",-0.01
"s(a) 25-29y","f(u) 2016-2019, u=2",-0.009
"s(a) 35-39y","f(u) 2022-2025, u=1",0.009
"s(a) 15-19y","f(u) 2020-2021, u=1",-0.008
"s(a) 20-24y","f(u) 2016-2019, u=1",-0.008
"s(a) 20-24y","f(u) 2020-2021, u=3",-0.008
"s(a) 35-39y","f(u) 2022-2025, u=2",-0.008
"rho (reporting fraction)","f(u) 2016-2019, u=1",0.007
"s(a) 20-24y","f(u) 2020-2021, u=1",0.007
"s(a) 25-29y","f(u) 2022-2025, u=1",-0.007
"s_i (random-walk SD)","f(u) 2016-2019, u=1",-0.007
"f(u) 2020-2021, u=1","f(u) 2022-2025, u=2",-0.007
"s(a) 15-19y","f(u) 2016-2019, u=3",0.006
"s(a) 30-34y","f(u) 2020-2021, u=1",0.006
"s_i (random-walk SD)","f(u) 2016-2019, u=3",-0.006
"rho (reporting fraction)","f(u) 2016-2019, u=2",0.005
"s(a) 25-29y","f(u) 2016-2019, u=3",0.005
"s(a) 30-34y","f(u) 2022-2025, u=1",0.005
"s(a) 35-39y","f(u) 2020-2021, u=3",0.005
"s(a) 40-44y","f(u) 2022-2025, u=2",0.005
"f(u) 2016-2019, u=3","f(u) 2020-2021, u=2",-0.005
"s(a) 25-29y","f(u) 2016-2019, u=1",0.004
"s(a) 30-34y","s_i (random-walk SD)",0.004
"s(a) 30-34y","f(u) 2020-2021, u=3",-0.004
"s(a) 40-44y","f(u) 2020-2021, u=2",-0.004
"s_i (random-walk SD)","f(u) 2022-2025, u=2",0.004
"s(a) 15-19y","f(u) 2022-2025, u=2",-0.003
"s(a) 25-29y","f(u) 2020-2021, u=3",0.003
"f(u) 2016-2019, u=3","f(u) 2022-2025, u=2",-0.003
"s(a) 30-34y","f(u) 2020-2021, u=2",-0.002
"j(t) 2016 Q1","f(u) 2016-2019, u=2",0.001
"j(t) 2025 Q3","f(u) 2016-2019, u=2",-0.001
"s(a) 20-24y","f(u) 2020-2021, u=2",0.001
"s(a) 35-39y","f(u) 2022-2025, u=3",0
