"","rho (reporting fraction)","j(t) 2016 Q1","j(t) 2025 Q3","s(a) 15-19y","s(a) 20-24y","s(a) 25-29y","s(a) 30-34y","s(a) 35-39y","s(a) 40-44y","s_i (random-walk SD)","f(u) 2016-2019, u=1","f(u) 2016-2019, u=2","f(u) 2016-2019, u=3","f(u) 2020-2021, u=1","f(u) 2020-2021, u=2","f(u) 2020-2021, u=3","f(u) 2022-2025, u=1","f(u) 2022-2025, u=2","f(u) 2022-2025, u=3"
"rho (reporting fraction)",1,-0.867,-0.953,0.328,0.309,0.351,0.402,0.394,0.427,0.022,0.007,0.005,-0.012,0.057,-0.036,-0.027,0.068,0.035,-0.093
"j(t) 2016 Q1",-0.867,1,0.848,-0.291,-0.271,-0.297,-0.338,-0.314,-0.373,-0.11,-0.028,0.001,0.028,-0.055,0.025,0.036,-0.061,-0.042,0.093
"j(t) 2025 Q3",-0.953,0.848,1,-0.308,-0.288,-0.324,-0.372,-0.369,-0.405,-0.026,-0.01,-0.001,0.01,-0.052,0.038,0.02,-0.059,-0.038,0.088
"s(a) 15-19y",0.328,-0.291,-0.308,1,0.03,0.038,0.017,0.049,0.075,-0.013,-0.019,0.013,0.006,-0.008,-0.015,0.024,0.017,-0.003,-0.011
"s(a) 20-24y",0.309,-0.271,-0.288,0.03,1,0.045,0.051,0.056,0.036,0.026,-0.008,0.033,-0.025,0.007,0.001,-0.008,0.033,-0.01,-0.018
"s(a) 25-29y",0.351,-0.297,-0.324,0.038,0.045,1,0.027,0.043,0.014,0.021,0.004,-0.009,0.005,0.021,-0.026,0.003,-0.007,0.029,-0.023
"s(a) 30-34y",0.402,-0.338,-0.372,0.017,0.051,0.027,1,0.054,0.053,0.004,-0.011,0.038,-0.027,0.006,-0.002,-0.004,0.005,0.012,-0.016
"s(a) 35-39y",0.394,-0.314,-0.369,0.049,0.056,0.043,0.054,1,0.013,-0.018,0.022,-0.011,-0.011,0.041,-0.05,0.005,0.009,-0.008,0
"s(a) 40-44y",0.427,-0.373,-0.405,0.075,0.036,0.014,0.053,0.013,1,0.02,-0.022,-0.033,0.055,-0.013,-0.004,0.019,-0.025,0.005,0.016
"s_i (random-walk SD)",0.022,-0.11,-0.026,-0.013,0.026,0.021,0.004,-0.018,0.02,1,-0.007,0.013,-0.006,0.011,0.012,-0.024,0.016,0.004,-0.017
"f(u) 2016-2019, u=1",0.007,-0.028,-0.01,-0.019,-0.008,0.004,-0.011,0.022,-0.022,-0.007,1,-0.514,-0.499,0.279,-0.132,-0.176,0.09,-0.04,-0.034
"f(u) 2016-2019, u=2",0.005,0.001,-0.001,0.013,0.033,-0.009,0.038,-0.011,-0.033,0.013,-0.514,1,-0.486,-0.072,0.137,-0.056,-0.01,0.043,-0.036
"f(u) 2016-2019, u=3",-0.012,0.028,0.01,0.006,-0.025,0.005,-0.027,-0.011,0.055,-0.006,-0.499,-0.486,1,-0.211,-0.005,0.236,-0.081,-0.003,0.071
"f(u) 2020-2021, u=1",0.057,-0.055,-0.052,-0.008,0.007,0.021,0.006,0.041,-0.013,0.011,0.279,-0.072,-0.211,1,-0.544,-0.561,0.283,-0.007,-0.229
"f(u) 2020-2021, u=2",-0.036,0.025,0.038,-0.015,0.001,-0.026,-0.002,-0.05,-0.004,0.012,-0.132,0.137,-0.005,-0.544,1,-0.389,-0.069,0.136,-0.083
"f(u) 2020-2021, u=3",-0.027,0.036,0.02,0.024,-0.008,0.003,-0.004,0.005,0.019,-0.024,-0.176,-0.056,0.236,-0.561,-0.389,1,-0.243,-0.127,0.333
"f(u) 2022-2025, u=1",0.068,-0.061,-0.059,0.017,0.033,-0.007,0.005,0.009,-0.025,0.016,0.09,-0.01,-0.081,0.283,-0.069,-0.243,1,-0.437,-0.384
"f(u) 2022-2025, u=2",0.035,-0.042,-0.038,-0.003,-0.01,0.029,0.012,-0.008,0.005,0.004,-0.04,0.043,-0.003,-0.007,0.136,-0.127,-0.437,1,-0.663
"f(u) 2022-2025, u=3",-0.093,0.093,0.088,-0.011,-0.018,-0.023,-0.016,0,0.016,-0.017,-0.034,-0.036,0.071,-0.229,-0.083,0.333,-0.384,-0.663,1
