"label","warmup","sampling","num_divergent","max_rhat","elpd_loo","elpd_loo_se","p_loo","n_bad_pareto_k"
"main",1000,1000,0,1.02966801220347,-1010.36959072132,19.0454306364208,53.3762233057575,8
"repperiod",1000,1000,0,1.00988668718072,-1003.99430048118,19.366762450063,55.6822995234893,8
"rrprior_sd0.5",500,500,0,1.11684582726272,-1009.00740433368,18.8716564233732,52.7403705789477,3
"rrprior_sd1.0",500,500,0,1.09291662694602,-1008.45872284841,19.086308141402,53.2631540487611,6
"pr_pooled",500,500,0,1.06613763595002,-1001.04694046529,19.7019865076216,54.0923913399086,7
"pr_2016only",500,500,0,1.06700183765889,-999.787854394074,19.544067663972,52.5078775557754,8
"delay1",500,500,0,1.04007675755962,-1008.89842848917,19.1495062365478,52.5109290764303,4
"delay2",500,500,0,1.05907388535903,-1008.61908299186,19.0418395619421,52.0214629300709,4
"rrfloor0.8",500,500,0,1.05822160976493,-1009.37427065383,18.7517453675165,52.0898902013224,5
"rrfloor0.5",500,500,0,1.07481470964076,-1010.34413634279,18.9532028355385,53.3349097299537,6
