"variable","mean","sd","q2.5","q5","q50","q95","q97.5","rhat","ess_bulk","ess_tail"
"i_t[1]",1757.31452,188.627736802983,1409.5195,1465.9945,1747.595,2091.812,2150.68,1.04509548215251,75.3637602080906,315.904122280498
"i_t[2]",2128.85291,217.094863790404,1717.088,1780.782,2124.34,2513.062,2586.5075,1.04197323415327,108.352843609272,262.724295397777
"i_t[3]",2241.88894,229.63713097785,1823.8255,1882.5275,2228.865,2633.993,2711.967,1.04646612533494,76.8832571619317,315.907247235398
"i_t[4]",2216.91476,228.427020838313,1803.13875,1858.49,2206.005,2607.8345,2686.5245,1.04918525541603,89.9104966941343,275.305004202426
"i_t[5]",2355.499705,240.884093461574,1912.90725,1961.127,2342.48,2766.797,2870.03125,1.04436262454681,88.5408771812896,338.418207170225
"i_t[6]",2887.76831,288.597315930909,2359.84325,2429.0335,2872.465,3398.8915,3487.79125,1.05290806217668,71.0632119847908,308.759996824673
"i_t[7]",3069.296955,303.192829927156,2489.33975,2588.835,3056.15,3597.0415,3704.9375,1.04604002851133,85.4793651942584,289.261220056234
"i_t[8]",3117.979535,314.390709676509,2540.178,2617.125,3103.125,3647.077,3769.12475,1.0486614799601,78.9340995293079,255.07654093689
"i_t[9]",3134.19816,315.682632972571,2549.78975,2644.7825,3112.785,3680.4545,3793.223,1.047727974547,84.776781136386,315.297961426211
"i_t[10]",3820.241015,373.036636982596,3121.6685,3221.204,3809.94,4480.5125,4586.4115,1.0531544714153,74.1340002230116,249.89011425393
"i_t[11]",4028.053195,393.776411244463,3313.63925,3397.7075,4007.865,4700.0965,4855.726,1.05209710628309,77.0164844052445,256.154367704487
"i_t[12]",3771.81793,370.624326788217,3083.746,3180.4755,3759.1,4432.4065,4551.8825,1.05415890669756,67.2595233272119,294.714666855344
"i_t[13]",3372.54802,336.400560867183,2748.22775,2841.902,3362.57,3963.522,4090.34425,1.04123658374755,108.49503953055,274.783066178312
"i_t[14]",3697.70189,365.753140990614,3014.745,3114.5515,3681.63,4348.6585,4463.54475,1.04844508405052,79.5678676570227,245.548875248611
"i_t[15]",3395.873895,334.290609182449,2768.4995,2858.3835,3383.735,3983.7065,4108.92125,1.04321145992874,100.853371600546,263.946673543602
"i_t[16]",3219.90021,318.754977994939,2633.834,2729.738,3201.405,3777.0195,3903.0545,1.05013887933452,78.041888995538,242.25578260044
"i_t[17]",3148.697175,318.346382427179,2571.68825,2641.7005,3128.105,3710.413,3832.6195,1.05261021935315,79.296986289118,238.465466589535
"i_t[18]",3079.936885,304.51586818873,2508.16025,2596.2855,3073.895,3601.5915,3716.04125,1.05283779931232,70.8495562752684,283.568496870928
"i_t[19]",2840.087535,281.125153242051,2314.0445,2402.326,2828.44,3314.2275,3423.172,1.0505804583123,75.7831470670129,225.276893220054
"i_t[20]",2939.46431,293.916239893886,2391.124,2467.1665,2925.935,3449.549,3548.93475,1.05051537879886,90.5498921110988,273.471753025108
"i_t[21]",3168.03492,316.313665008215,2600.89675,2677.255,3151.82,3702.927,3818.17725,1.04757823725222,85.6126184782993,274.500178450529
"i_t[22]",3697.622695,367.723283024513,3026.57975,3121.2285,3676.525,4326.083,4475.07475,1.04862347484417,76.5472842108308,285.599333978726
"i_t[23]",4649.617665,457.274003047548,3804.1585,3928.31,4632.78,5415.9965,5609.87775,1.05166425513432,75.0784567729658,214.331593247395
"i_t[24]",5139.18865,493.747489685125,4198.08375,4339.236,5121.515,5986.2955,6153.05475,1.05158978707795,77.4449641341081,257.366720669946
"i_t[25]",5343.143195,516.908287257285,4351.436,4537.497,5312.66,6243.4425,6389.5325,1.05208419101907,69.0422623716989,253.867872177037
"i_t[26]",6826.45683,657.430581848552,5601.7315,5778.954,6792.22,7960.6765,8186.3845,1.04971778320688,86.288531489329,228.514235664859
"i_t[27]",8343.95472,789.118823681748,6886.74125,7076.6835,8318.29,9781.9315,9990.6265,1.05154000276253,77.1773730509841,229.50005083691
"i_t[28]",8232.815855,773.195741775534,6750.49025,7015.134,8192.64,9577.519,9852.7655,1.05679944416248,71.2871806369012,287.004185917864
"i_t[29]",8273.923535,781.300571850706,6792.381,7007.153,8243.925,9630.302,9911.603,1.05467161127926,66.6052783827653,243.693086136406
"i_t[30]",8951.50664,849.742244618187,7378.752,7587.7685,8912.435,10392.635,10666.1575,1.05213576390304,78.3643117633175,273.279916118327
"i_t[31]",8360.58337,789.770544343418,6920.173,7095.265,8334.6,9747.1565,10053.16,1.05907388535903,66.8326714445399,229.685026785689
"i_t[32]",7756.131455,732.244967589613,6417.614,6603.055,7736.815,9024.2395,9269.596,1.05596038015336,69.6084056282468,224.645379976295
"i_t[33]",7442.272195,703.98064907451,6125.55475,6296.9165,7413.77,8656.467,8882.21325,1.05639373719373,68.6392172861757,244.362642695453
"i_t[34]",8243.21814,788.199287481874,6761.46425,6976.0265,8217.075,9547.7085,9831.53075,1.0516934477449,74.6217880604483,241.319427313514
"i_t[35]",8722.82803,819.470245374685,7222.70875,7411.067,8678.355,10115.275,10413.7925,1.05490287858565,69.5390744340479,241.961560137445
"i_t[36]",8526.020345,808.265786876847,7050.446,7244.969,8507.28,9909.2395,10249.0425,1.05017527455956,84.0816543605984,220.011646839028
"i_t[37]",7810.967595,742.374941482696,6395.5035,6622.146,7773.585,9129.028,9329.71825,1.04975937182193,80.1938285595141,207.687899961882
"i_t[38]",8773.431,827.736520705203,7184.1815,7469.9315,8731.735,10226.695,10548.5925,1.05564000610107,69.9168740696106,271.478845686732
"i_t[39]",8219.8609,779.222341749087,6771.74525,7000.2905,8179.87,9581.057,9877.63575,1.05407773855176,74.2052450859898,227.461093433743
"s_i",0.12120214275,0.0167487240709309,0.093374745,0.0970227,0.1193035,0.15139435,0.158198275,0.998893213373844,1821.35286716253,1186.48452428187
"rep",0.139518628,0.0127280103443657,0.116506725,0.1190758,0.138819,0.16198435,0.167148875,1.0589188747532,66.1661337005277,213.129166699388
"rr[1]",7.138122155,6.28144547535196,1.13999575,1.281909,5.068335,19.48069,24.2596875,1.0039207139391,991.324330439796,907.169462701875
"rr[2]",1.15985156,0.168598925810809,1.00479775,1.008408,1.10644,1.490265,1.616435,1.00289385236657,1035.08681714028,958.344571106792
"rr[3]",1.095490165,0.0954059149535648,1.0026,1.0055,1.063405,1.2866515,1.34555275,1.00981042624424,878.103014379436,1050.67444453169
"rr[4]",1.155725475,0.161697187141704,1.00424925,1.00755,1.10309,1.502193,1.62113925,1.00703616740125,922.291067881399,842.183825643
"rr[5]",1.42685845,0.429405810986009,1.013986,1.0238655,1.292965,2.2766995,2.56292675,1.00772238707445,825.784812817638,834.710840984345
"rr[6]",3.969030945,2.89035715108562,1.08403875,1.1684565,3.07804,9.6486045,11.7211075,1.00434022246943,522.618561453289,854.478905268772
"rrisk",0.515879,0,0.515879,0.515879,0.515879,0.515879,0.515879,NA,NA,NA
"p_delay[1,1]",0.563099887,0.141623886694256,0.297759325,0.32885325,0.561522,0.7965238,0.83323925,0.999550707192669,2009.82058567914,1258.62483282834
"p_delay[2,1]",0.277979959451,0.203640227229474,0.008949452,0.019292815,0.2406765,0.66754525,0.734744874999999,0.999993845547503,1227.03557573707,772.245126682207
"p_delay[1,2]",0.164898407566,0.125246525212051,0.0066592395,0.013153935,0.1404775,0.41358635,0.478824075,1.00083895827877,1900.57135595346,1338.92639188518
"p_delay[2,2]",0.366999197370595,0.238380723361095,0.0133518025,0.030588915,0.3423605,0.7786123,0.859456,0.999656422427434,1787.37410783725,955.67812309982
"p_delay[1,3]",0.2720016883755,0.140582583804321,0.0304157475,0.053786285,0.2659515,0.51397285,0.553662075,1.00218875504308,1861.48568753661,1337.10810402543
"p_delay[2,3]",0.355020834361,0.227928481602062,0.0170206675,0.034059855,0.3286255,0.77326475,0.837190125,1.00119586033335,1675.95398384517,1029.94696790399
"i_a[1]",0.00475174794865,0.00450449621589448,0.00012432635,0.00024669,0.00343778,0.013574075,0.01687512,1.00242812890576,2023.50258812985,1068.77908650819
"i_a[2]",0.004668195962075,0.0044306471699733,0.000159375325,0.00028488455,0.003298745,0.01323391,0.01639881,1.00103962579766,1742.82845142287,884.16065146124
"i_a[3]",0.004525337976075,0.00429627041435343,0.00011172205,0.00020850045,0.003224945,0.01314241,0.0154566675,1.00034475293539,1384.16371951108,770.856062258434
"i_a[4]",0.00466758866716,0.00451447662310394,0.000135184225,0.00024923565,0.00334098,0.013778625,0.016440465,1.00190205372164,2081.19656933948,1285.06478071656
"i_a[5]",0.00467497766255,0.00450087598319442,0.00013086035,0.00028520725,0.00331841,0.01373497,0.01631645,1.00216237165199,1950.97090066942,1191.55844309611
"i_a[6]",0.00474484541399,0.00458351416288454,0.000119573675,0.0002545539,0.00324739,0.014469495,0.0168737225,1.00073427084975,1641.29337326923,866.861807654648
"i_a[7]",0.004568666690682,0.00426595558131979,9.31637425e-05,0.0002180649,0.00327605,0.01303014,0.0153047975,1.00329391924911,1395.89963000808,728.38327039511
"i_a[8]",0.0045526430234,0.0042189014750735,0.000143375975,0.00029440375,0.0032987,0.013168465,0.015623045,1.00325001775766,1750.53690428291,1056.59710700906
"i_a[9]",0.004685431671935,0.00449015232985944,0.0001672614,0.0002737295,0.003289525,0.014148005,0.017069515,1.00085481215429,2601.45258229254,1185.18411369306
"i_a[10]",0.0044486186975,0.00410273633077711,0.000146220225,0.000307935,0.003200875,0.01292759,0.0154236475,0.999682954898325,1459.66431300842,975.854404550197
"i_a[11]",0.004730473300535,0.00451222503948829,0.000155831675,0.0002692554,0.00329311,0.01408979,0.0163179325,1.00188837276217,1918.64190977565,971.954868865095
"i_a[12]",0.00458025695903,0.00421843184432506,0.0001296207,0.000253182,0.00352414,0.013405925,0.0157635375,0.999672080118499,1708.77229951656,892.702408269177
"i_a[13]",0.0045189134355315,0.0043870294170547,0.0001043289,0.0002202694,0.00324427,0.013043285,0.0170332975,1.00167601897867,1570.01962397429,671.039473926422
"i_a[14]",0.00467185272145,0.00413375896999725,0.000163596825,0.00031491225,0.00353031,0.012716745,0.01526576,1.00075450651651,2197.23368076854,1210.26169077316
"i_a[15]",0.004511165914624,0.00415686005711306,0.000111159525,0.0002488577,0.003343045,0.01327107,0.01576083,0.998972305397166,1490.94719154166,909.373555785075
"i_a[16]",0.00461874538913,0.0044918969817973,0.000122212025,0.00024945435,0.00323329,0.01359286,0.016926715,1.001052829848,1957.9223443311,792.023756754969
"i_a[17]",0.004667765175,0.00439160894059367,0.000128959975,0.00025897785,0.003349455,0.013441985,0.016012935,1.0019587252554,1468.07839988028,857.65024972932
"i_a[18]",0.004543052318545,0.00444468462654325,0.000107325225,0.00023588165,0.00303712,0.013705975,0.01646434,1.00083836290794,1650.92284441174,800.082306459627
"i_a[19]",0.00451543070848,0.00437862621511455,0.00010501755,0.0002249123,0.003119515,0.01338332,0.0153546475,0.999809676746385,1439.223550774,768.814274940533
"i_a[20]",0.004609088813615,0.00445512837010602,0.000112462675,0.0002236062,0.003259,0.013583045,0.0168096025,1.0000286072003,1401.42260349928,1150.03196181604
"i_a[21]",0.01959664745545,0.0185528064124223,0.00069598105,0.0011342305,0.0135488,0.05893765,0.070219215,1.00381677484504,1679.11357446152,1191.29879953451
"i_a[22]",0.0193336211364,0.0176691232028471,0.0005333516,0.001101235,0.0140116,0.054164235,0.0639199475,1.00351717279061,1455.93473670083,889.757590700631
"i_a[23]",0.019837168939595,0.018725490342482,0.00064656815,0.0012682215,0.01446165,0.05783758,0.0670348675,1.00176389021368,1638.80476469684,882.225623258299
"i_a[24]",0.01980458269074,0.019587356843299,0.00053728165,0.00091387475,0.01418325,0.058091225,0.0691650199999999,0.999889598578504,1663.75844961147,1004.24832834731
"i_a[25]",0.020443116586745,0.0200591158942111,0.000438918725,0.00089933025,0.0144442,0.0630951,0.0744717324999999,0.999474333738491,1558.13867894554,1026.9274912415
"i_a[26]",0.02011443644995,0.0196223993607792,0.000605343825,0.0011344735,0.0140104,0.060623795,0.072612605,1.00133028070378,1568.46990688494,987.530475940432
"i_a[27]",0.01897075781142,0.0178926861945391,0.000476453525,0.00099211325,0.0135018,0.05429626,0.06497318,1.00186887415058,1494.25742568255,860.028883067624
"i_a[28]",0.0198652915852,0.0178668690205748,0.0005148071,0.00093405765,0.0152895,0.055318505,0.0670506974999999,1.00225284812264,1451.09316774417,883.34232919252
"i_a[29]",0.020022931207545,0.0196133496782655,0.000456058975,0.00083283975,0.0141447,0.060602765,0.0741573825,1.00078800676675,1480.34404367572,829.806039053475
"i_a[30]",0.020239090908389,0.0187722320686221,0.000590926125,0.001267077,0.0147805,0.05937125,0.0700723225,1.00217722476058,1820.33694394133,888.020995202083
"i_a[31]",0.020054323722,0.0188554110437663,0.0006557463,0.00120377,0.0143479,0.05711577,0.0697258525,1.00591608040073,1708.89596124334,786.767568331717
"i_a[32]",0.01989530167951,0.018518636362779,0.000572833275,0.00123953,0.01434295,0.056733365,0.0686989375,1.001079970456,1251.67514500837,648.221825892061
"i_a[33]",0.020166751522505,0.0186942239956607,0.000592410175,0.0012298075,0.0147752,0.055864225,0.0702498324999999,1.00182876013514,2078.98816229275,1041.76615967704
"i_a[34]",0.0202207407905,0.0194320754257355,0.000561477925,0.0010727715,0.0141568,0.060550335,0.0727205649999999,1.00115094321514,1537.07937910311,732.49463372509
"i_a[35]",0.0192878215959745,0.0189265767574423,0.00040717595,0.0008003592,0.01392495,0.057083405,0.0689240725,1.0008880081501,2010.11970403107,986.818741388075
"i_a[36]",0.01981973262532,0.0190509464010385,0.000631854125,0.00120329,0.01411725,0.05809812,0.0708432849999999,1.00144029607063,1868.23133657875,1138.68227311661
"i_a[37]",0.019919608239685,0.0188807780538388,0.00062314295,0.0012375545,0.0142722,0.055149345,0.0683829775,1.00007318421271,2180.39093952736,891.313221628062
"i_a[38]",0.0199692456824,0.0185965038834891,0.000585244075,0.0011820255,0.0145466,0.05839905,0.0694824349999999,0.999738069938422,2222.37197224849,1323.978043827
"i_a[39]",0.01949501187825,0.0182248991906361,0.0005407965,0.0011303345,0.01413305,0.05729857,0.0682231474999999,1.00014777874405,1495.89449753522,790.879416768515
"i_a[40]",0.0196074672966,0.0187292962967381,0.000646370275,0.0011281985,0.0139126,0.056708945,0.0663925724999999,0.999777908722435,1947.6607522729,1087.88007424372
"i_a[41]",0.01231606113651,0.0121790559480569,0.00014805855,0.0004012534,0.008471245,0.037893915,0.045838135,1.00067247872616,1467.03129230077,668.785821971341
"i_a[42]",0.01218347642151,0.0111910537830728,0.00038439525,0.0006541093,0.008880515,0.03470955,0.041606585,1.00162222126461,1713.36672724764,1074.07400086318
"i_a[43]",0.012344536185015,0.0120524702971499,0.00025430485,0.00052782025,0.00873887,0.037074655,0.04397388,0.999827127920858,2488.31106104623,1051.97174923761
"i_a[44]",0.01249417458089,0.0114864409539918,0.0003619623,0.00067595065,0.009145145,0.035077245,0.0413451425,0.999912911720197,1816.7204215835,902.52558529024
"i_a[45]",0.01239762608667,0.0117051385610134,0.00031358575,0.00066927435,0.008930675,0.03778042,0.0425936825,1.00090411766272,1651.50926794763,964.540872319301
"i_a[46]",0.0123849439275,0.0118138705509406,0.000310471925,0.0006151718,0.009057735,0.03584727,0.04288645,1.00148290913862,1699.70820107931,898.714733852848
"i_a[47]",0.012147094490275,0.0118426842861819,0.00034828695,0.00067228205,0.008561745,0.03702598,0.04493413,1.00315733741288,2157.62769585698,1207.11598520538
"i_a[48]",0.01253981380365,0.0119024234059263,0.000284445125,0.0006164818,0.009099785,0.03652131,0.0442052925,1.00123899797243,1737.78193900181,872.457021080608
"i_a[49]",0.012128199449615,0.0110941596914551,0.0003077787,0.0006667875,0.00901022,0.033841985,0.0426724625,1.0026365011846,1390.39371925513,856.042445320723
"i_a[50]",0.01214977486863,0.0119092311179641,0.0003663161,0.0006362738,0.00846675,0.036359615,0.0439533525,1.00102679193702,1837.01217476338,1311.95213806827
"i_a[51]",0.01241130062197,0.0117702737835943,0.000321940675,0.00064343705,0.009022075,0.0367898,0.0452489775,0.999814842502905,2151.09531770458,1137.22197031099
"i_a[52]",0.0126496128643,0.0119446159459457,0.000420338325,0.0007626631,0.00913683,0.0370123,0.044876465,1.00043946699913,1639.26847207284,802.560441937484
"i_a[53]",0.012128674786,0.0111850431085705,0.0003931978,0.0006980839,0.00888323,0.034702795,0.0420591525,1.00022185171327,2157.79615137159,1184.39280193877
"i_a[54]",0.01260096663759,0.0121407395570849,0.00035028635,0.00066870425,0.009065705,0.03693406,0.0450277925,0.999769606338092,2813.10221660991,992.972631859258
"i_a[55]",0.012506055965375,0.0118444882946693,0.000267196525,0.00055178725,0.008867515,0.03601907,0.04346925,1.00059931816143,2401.00214161049,1208.09029686683
"i_a[56]",0.0129150037742,0.0118225063526713,0.0003697714,0.00076120585,0.00953445,0.038115525,0.04404503,0.999952156871021,1995.7096142516,1027.20408847953
"i_a[57]",0.01234239672535,0.0117372543103979,0.0003361125,0.0006634453,0.008855115,0.036025965,0.04331895,1.00262675511548,1767.58695077514,916.000459987858
"i_a[58]",0.01212072082625,0.0115025180448575,0.000316569375,0.00066575045,0.00852657,0.035309855,0.0435244975,1.00308922959428,1420.30142760027,887.572379935959
"i_a[59]",0.0124872092786,0.0112721302081039,0.00043216775,0.0008240201,0.009360965,0.03507782,0.0428988675,1.00041675759017,2040.97604505389,1195.79993599433
"i_a[60]",0.0118129803976,0.0113730196445407,0.000362795575,0.00068542975,0.008399955,0.034748265,0.0434007324999999,1.00084818016572,1373.66195219295,775.163351332355
"i_a[61]",0.00591356168675,0.00558364127662586,0.000147628175,0.000313142,0.004267455,0.01697315,0.0205517525,1.00337427182233,1453.9134572505,963.109516510584
"i_a[62]",0.006007138523275,0.00579634614245153,0.000121477425,0.0002508375,0.004309415,0.017354215,0.0213655475,1.00885648180477,1396.79250454916,858.589341841294
"i_a[63]",0.0059634620264,0.00571806354197754,0.000195055275,0.0003299581,0.00426139,0.017881695,0.021793905,1.00104254684291,1894.52951221944,1120.17816164388
"i_a[64]",0.00575613406119,0.00558131895116783,0.00012335955,0.0002781809,0.00398537,0.01677645,0.0205269025,1.00033482835235,1321.08296033573,808.59092144034
"i_a[65]",0.0059309436104945,0.00555967541220624,0.0001496755,0.00034330125,0.00427545,0.017322435,0.0202130625,1.00013975034045,1568.41561077026,904.744035150068
"i_a[66]",0.005957490389155,0.00559282145730739,0.00014638195,0.00030687305,0.004336475,0.016740555,0.0202624075,1.00416315592173,1640.16077762775,942.450810920222
"i_a[67]",0.00590664601858,0.00552336706336655,0.000144669025,0.00029235645,0.00425595,0.017196765,0.019984355,0.999381470830518,2001.59764919851,1024.50646467638
"i_a[68]",0.00614613021579,0.00616410765382729,0.0001425499,0.0003068868,0.004192435,0.01844774,0.022143095,1.00456101072753,2092.32348004054,689.963436890911
"i_a[69]",0.0058730705739895,0.00565142653402052,0.0001406941,0.0002790733,0.00409984,0.017474735,0.02093708,1.00170529995676,1586.05372662267,759.279704253254
"i_a[70]",0.005972304248245,0.00559342958287036,0.0002343212,0.00044383865,0.00423552,0.017436915,0.020808915,1.00002397301554,2585.64978173796,1284.58159572004
"i_a[71]",0.005899178048375,0.00536726623207605,0.000195091725,0.0004152478,0.004368385,0.01621626,0.01957204,1.00070285245481,2321.79047828576,1039.40414641828
"i_a[72]",0.0058050776593775,0.00550892378200963,0.00014713415,0.0002910875,0.00434973,0.01708582,0.021371285,0.999510701382612,1629.85479927388,1031.74664577817
"i_a[73]",0.005915224286183,0.00552893914061588,0.0002086757,0.0003827652,0.00411779,0.01739714,0.0201330225,1.0015204596903,1877.12365038943,1129.88982137609
"i_a[74]",0.005758748799635,0.00568133441282454,0.00012685385,0.0002635376,0.00407644,0.017799215,0.02148327,1.00189069473482,1304.23308002293,824.203010086953
"i_a[75]",0.005919942493085,0.00557127927558424,0.00018052755,0.00041203575,0.004317545,0.0171015,0.0209205775,1.00337553362691,1854.53970257204,1149.16633912553
"i_a[76]",0.00592053608321,0.00563157698618921,0.00014893795,0.00035092245,0.004306775,0.017134855,0.020763535,0.999759245976373,1853.68784242455,902.380456653349
"i_a[77]",0.0057223578326825,0.00536365978015647,0.00010439505,0.0002365921,0.00428098,0.01592628,0.0202729225,1.00044227154086,1757.78700704062,1033.81702003724
"i_a[78]",0.0059765641882265,0.00565589330109266,0.000173734875,0.0003306016,0.004326355,0.01716514,0.0210556725,1.00124746231658,1571.00156678964,1034.23186009095
"i_a[79]",0.006030576890375,0.00582450915146743,0.000125650475,0.00027001265,0.004163675,0.018558015,0.0215416925,1.00314600010375,1241.51259415084,820.673211055269
"i_a[80]",0.006064565248135,0.00551021226574204,0.00019690295,0.000381524,0.004540375,0.017086655,0.01982609,1.00284991180319,1495.39106942267,972.815006969922
"i_a[81]",0.00401881059903,0.00371720192320481,0.000125768725,0.00023592725,0.00298965,0.0112238,0.0136846725,1.00010507039705,1340.18129642165,950.957668672631
"i_a[82]",0.0039975666043335,0.00394437775447874,0.000108633825,0.0002243693,0.002744235,0.011800855,0.0146634175,0.999623154691483,1673.80881435525,1022.2138443399
"i_a[83]",0.0040494578067455,0.00389909737666017,9.7220415e-05,0.00020415745,0.002957715,0.011788275,0.0145752075,1.00121532683348,1506.59363399559,743.817131255806
"i_a[84]",0.0037838284658085,0.00369002930506218,7.816888e-05,0.00016829765,0.00261805,0.011333175,0.0138185775,1.00036483910598,1417.96376926507,778.718898069931
"i_a[85]",0.0040822521224365,0.00387285704190536,0.0001006281175,0.00019963035,0.00284229,0.011977545,0.0142468925,1.00159141602416,1360.96045396162,603.393331042587
"i_a[86]",0.004183154921145,0.00386999930190742,0.00015154205,0.00024124955,0.00307394,0.01207809,0.0143663925,1.00207757331033,2061.02989006659,1254.47741353865
"i_a[87]",0.004001252631632,0.00391296456957596,0.000117949025,0.000232692,0.002850685,0.011879405,0.0143483175,1.0006518236107,1629.11514467452,1071.68495095235
"i_a[88]",0.00400732101956,0.00366912790792724,0.0001149697,0.00023852045,0.00303401,0.01185563,0.0137557925,1.00211641232856,2093.52938011847,990.014691943452
"i_a[89]",0.00403541983055,0.00397065837603866,0.000100324825,0.0001960516,0.002861475,0.01197774,0.0147713575,1.00014567754647,2112.91794242949,968.172469391281
"i_a[90]",0.003990950332609,0.00404040805133918,0.000102169265,0.0002267231,0.00272921,0.01258585,0.0151339625,1.0027663261934,1922.81561125598,892.916986643753
"i_a[91]",0.004252358726165,0.00387826302952816,0.0001581861,0.0002663654,0.003230475,0.01268666,0.0148007225,1.00131981266976,2011.07377415045,1212.16153011774
"i_a[92]",0.004051499146385,0.00372072662901748,0.000133276425,0.00031735715,0.00291888,0.0114667,0.0140978875,1.00081098176842,1994.66712649812,1009.10920851154
"i_a[93]",0.00410236279206,0.00388967167320009,9.759601e-05,0.00021239655,0.002977475,0.0120639,0.014460135,1.00117742653914,1440.15899719568,535.558258554276
"i_a[94]",0.00407670855299,0.00361881214209295,0.00014376835,0.00027876835,0.00309478,0.011298715,0.01366858,1.00118587291383,1998.59716723023,1094.10644976327
"i_a[95]",0.004051226354435,0.00387089188873257,8.3494315e-05,0.00021355345,0.002926815,0.01194217,0.014606275,1.00269397817379,1763.34135558073,1037.36669196535
"i_a[96]",0.0040639703503,0.00387475453802374,0.000111311525,0.0002177718,0.002878585,0.01222359,0.0143164175,1.00069817481012,2102.11733768785,1025.39709464571
"i_a[97]",0.004037026660745,0.00367687225274905,0.000112816225,0.0002244591,0.002920935,0.011511155,0.0137052375,1.00280121335864,1786.03791821765,1000.81959592479
"i_a[98]",0.0039211391760425,0.00360600550376922,0.000104706075,0.0002272198,0.002779075,0.01108421,0.0140007075,1.00160365049347,1801.07735303955,1002.98639828564
"i_a[99]",0.00401293123488,0.00392581138768828,8.8663545e-05,0.00019827885,0.00278915,0.011813285,0.0147578775,0.999313046593354,1588.89114779194,880.609045575143
"i_a[100]",0.003954822542965,0.00381926443877154,0.00010005644,0.00020172765,0.00281623,0.011322,0.0138977475,1.00061887248507,1608.83819364706,896.898341410566
"i_a[101]",0.003294711714889,0.0032172232408891,9.9802825e-05,0.00019280575,0.002337345,0.009980899,0.0120202825,1.0016365380664,2432.31214551483,1259.80786435225
"i_a[102]",0.00331509595056,0.00307966508489451,7.92677825e-05,0.0001605398,0.00244984,0.009459773,0.01140022,0.999941288583079,1873.4572102557,1026.63113427618
"i_a[103]",0.003219158379341,0.00309421673295186,6.94824175e-05,0.0001456571,0.002319875,0.009327614,0.011558435,1.00048185480611,1473.84366174336,877.758857391135
"i_a[104]",0.0033044376940325,0.00319473943382435,8.7341805e-05,0.00014704825,0.00229871,0.0096869215,0.011776055,1.00111686379644,1874.0738535455,908.239930399852
"i_a[105]",0.003239764993715,0.0031299176268098,5.5210095e-05,0.0001309554,0.00224721,0.00959642,0.01168433,1.00086439535842,1225.19675654373,741.865035114469
"i_a[106]",0.00313577427955,0.00287281751725196,7.19580675e-05,0.000147444,0.0023688,0.0089868295,0.010571395,1.00221708086791,1793.35856081258,927.001250338928
"i_a[107]",0.003214746842695,0.00290700338264399,0.00011557055,0.00021475505,0.00235142,0.0089871915,0.01070237,1.00066577433636,1864.29441443043,1032.69439869604
"i_a[108]",0.003267325469805,0.00321840421769626,7.3723975e-05,0.0001324417,0.002260255,0.009861144,0.0116875,0.999770315500122,2276.62614023423,865.324537606264
"i_a[109]",0.003286393186015,0.00311487871705012,9.96625225e-05,0.00018251105,0.00234372,0.009629646,0.0115917975,1.00150045976121,1714.22691468057,1054.5605887823
"i_a[110]",0.0031797041250395,0.00306324857407697,6.07774575e-05,0.00014819495,0.00219579,0.0093670615,0.0112836675,1.00065363543617,1098.6566481721,588.290734775319
"i_a[111]",0.00324976334708,0.00312068956893792,8.009959e-05,0.0001880223,0.002287775,0.009752728,0.01149608,1.00047534867715,1563.60446171513,880.905967362658
"i_a[112]",0.003294400974695,0.00321404583235328,9.34971125e-05,0.0002014859,0.002306335,0.0099743855,0.011865245,1.00047649452568,2025.86925763194,981.367693489751
"i_a[113]",0.0031182398926,0.00286806524392726,0.000104036325,0.00021205295,0.00230349,0.0089959085,0.01060513,1.00035471507061,2295.65716675663,1111.62529358543
"i_a[114]",0.003298579307695,0.00313302297377468,9.945471e-05,0.0001734409,0.002368685,0.009695329,0.01173177,1.00175134752802,1781.66988383652,1159.03080217159
"i_a[115]",0.0032191527691285,0.00306331725533475,8.4712735e-05,0.00018353995,0.002335795,0.009348435,0.0113862875,1.00298882650299,1886.17624805835,992.553334891357
"i_a[116]",0.003261444842375,0.00307443483164874,8.03570125e-05,0.0001702713,0.00240131,0.0091176665,0.0111272675,0.999788594054246,1723.89509017164,972.793798658159
"i_a[117]",0.003214483589145,0.00309299267210418,0.000103757725,0.0001746313,0.00236048,0.009321563,0.0114447075,1.00481744533866,1718.68775484599,1190.82071658649
"i_a[118]",0.003265748453465,0.00319072397971573,9.745654e-05,0.0001554097,0.002244965,0.01025471,0.0115749025,0.999851372212196,2208.82337337299,1508.24533141344
"i_a[119]",0.0032322997059,0.00308779183387565,0.000117955225,0.0002017376,0.002271425,0.009565702,0.011248725,1.00215811103406,2157.96751973531,1333.94144650393
"i_a[120]",0.00329598696521,0.00314841160989736,0.0001050358,0.0001868028,0.002384845,0.0097171745,0.01192821,1.00351406983796,1939.41410221985,1373.18087805135
"cs_pop[1]",1.5397164065,0.166226007947945,1.23249225,1.2778095,1.53159,1.8194215,1.86828525,1.00300857027332,725.431415910341,1141.22191753589
"cs_pop[2]",2.498247965,0.172234163620252,2.1768205,2.223511,2.49021,2.786882,2.842169,1.01279675953054,339.62625288477,728.711205935419
"cs_pop[3]",3.332656455,0.222195771243429,2.9266805,2.985797,3.31893,3.70672,3.788052,1.01426605507795,343.672121931319,944.26162717455
"cs_pop[4]",3.37422843,0.221950308681464,2.96901075,3.034579,3.362875,3.7420435,3.81580125,1.01294982048424,308.562364036384,1157.50017927301
"cs_pop[5]",2.91382078,0.189493339086551,2.55760625,2.6078165,2.907175,3.224011,3.27875875,1.01791471466321,247.713708562635,799.906096622831
"cs_pop[6]",3.60088197,0.262081428646594,3.11427875,3.1846815,3.587975,4.05249,4.1434695,1.00914717177828,415.08249016235,1031.54006214387
"cs_pop[7]",3.279475825,0.418320948304666,2.527742,2.6291675,3.253845,4.0231335,4.1557055,1.00225944633728,1794.51543751448,1801.87632618485
"cs_pop[8]",4.18012255,0.27218327912018,3.6762795,3.74439,4.17134,4.6392685,4.7193445,1.01410521331198,333.608261721984,788.168951183856
"cs_pop[9]",3.831978035,0.249362122307318,3.38014275,3.4427705,3.82203,4.255951,4.32616775,1.01220758057191,340.822927424929,778.505879849528
"cs_pop[10]",3.75318839,0.242942753831695,3.31305075,3.3778865,3.73466,4.1514395,4.25175425,1.00996570941768,401.168933373535,960.265170891321
"gst_pop[1]",13.13472305,0.898286215298885,11.461315,11.72811,13.1125,14.608345,14.9483025,1.01358192836348,343.210750294945,782.236023771974
"gst_pop[2]",18.2250429,1.2126510102523,15.9495625,16.318715,18.1779,20.283795,20.64873,1.01436072676896,309.348767165478,716.134399730582
"gst_pop[3]",23.898429,1.56526339625918,20.9870875,21.470185,23.79135,26.52336,27.00759,1.01582384217474,328.298222450847,956.60889825138
"gst_pop[4]",22.46667555,1.46238458086728,19.79487,20.20718,22.41195,24.896645,25.348235,1.01167171554731,336.522008566849,1057.89350338799
"gst_pop[5]",19.59329505,1.27657917782217,17.2045075,17.62223,19.537,21.648285,22.1584325,1.01728061007834,294.387333019552,915.930176101533
"gst_pop[6]",27.16789985,1.77205980944468,23.927375,24.40874,27.09295,30.105965,30.7249425,1.0137591446987,312.331448551773,777.831514308814
"gst_pop[7]",46.98301515,3.0382208475051,41.39232,42.32074,46.9041,52.08263,52.979785,1.01362486180743,334.509164985776,794.067226308282
"gst_pop[8]",54.85169285,3.53996951072213,48.3422225,49.20034,54.7321,60.77161,61.95506,1.0134882739075,356.778683737307,982.358676243931
"gst_pop[9]",50.85030445,3.3215123437103,44.89279,45.73222,50.684,56.51924,57.4699075,1.01058405172726,411.306812038507,750.076992644497
"gst_pop[10]",50.0402722,3.27647448857217,44.075705,44.96465,49.83715,55.526925,56.4971,1.01025420712749,390.583071531467,1077.4728331622
"cum_cs_w[1]",254.077,22.1321934745293,212,218,253,292,298,1.00571476553015,608.934588468864,1024.28055979475
"cum_cs_w[2]",249.3605,22.2062626031352,207,214,250,286,295,1.00887366264249,413.100032538389,1113.1314877649
"cum_cs_w[3]",244.7715,20.8856025037817,204,211,245,280,286.025,1.01475873475733,355.251203654399,1032.80284270124
"cum_cs_w[4]",239.1455,21.1463688184781,199,205,239,275,281,1.01882078477572,264.405987656051,593.92584398255
"cum_cs_w[5]",234.9465,20.9643838556067,196,202,235,270,278,1.01231585975943,285.862132886748,826.162408980957
"cum_cs_w[6]",229.496,21.2966372317014,189,195,228,266,272.025,1.02345366259517,186.769588229406,973.200411692751
"cum_cs_w[7]",225.1815,21.3203854835832,185,191,224,262,269,1.02346771130751,185.195888833954,458.221222151684
"cum_cs_w[8]",219.882,22.6099907527827,179,185,219,258,266,1.02242728798318,173.089227556658,360.834540611917
"cum_cs_w[9]",215.56,22.1851637529537,175,181,215,254,262,1.03159358520832,164.706117418714,386.1177585184
"cum_cs_w[10]",210.854,22.5317670026594,169,175.95,210,250,257,1.03347302915093,140.899551862067,339.958040671314
"cum_cs_w[11]",206.174,23.3722239940322,162,168,206,245,253,1.0334834616024,129.63719079971,335.438081012674
"log_lik_case[1,1]",-3.091117925,0.332210305137821,-3.83131375,-3.69814,-3.04797,-2.620448,-2.55265725,1.00017783648914,3064.09959789931,1660.60369060598
"log_lik_case[2,1]",-3.547232555,0.433305296973294,-4.709906,-4.43446,-3.387695,-3.1718265,-3.17026975,1.00074299077763,2572.06396131976,1793.71730602986
"log_lik_case[3,1]",-3.073464115,0.159971939946047,-3.51345525,-3.386385,-3.013325,-2.95948,-2.95921,1.00341127989244,1304.38738936823,1398.77469434167
"log_lik_case[4,1]",-3.02336465,0.269475358346093,-3.6993255,-3.5354035,-2.97123,-2.6950825,-2.6770385,0.999964101662626,3372.3493354852,1562.84352653534
"log_lik_case[5,1]",-2.463944245,0.0596773986747602,-2.6414475,-2.5759105,-2.44123,-2.4212595,-2.42103,1.00111883577776,1385.9178958212,1414.36885183128
"log_lik_case[6,1]",-2.495311125,0.180298963303366,-2.92773,-2.842696,-2.463065,-2.2598995,-2.2377435,1.00205569865606,3233.98119372656,1647.27042900824
"log_lik_case[1,2]",-2.605636315,0.0485505758985495,-2.74899575,-2.707028,-2.586065,-2.57008,-2.56997,1.00286413223923,1345.70859107609,1472.50083978565
"log_lik_case[2,2]",-3.45204089,0.229689728947988,-4.09687525,-3.9308915,-3.360275,-3.2883795,-3.2879,1.00115230224458,1676.26058194288,1386.20908534837
"log_lik_case[3,2]",-3.37227906,0.277826787862588,-4.0979575,-3.9330415,-3.2866,-3.1010535,-3.09913975,1.00064838281591,2803.71637191683,1664.85411506039
"log_lik_case[4,2]",-3.1724092,0.26113998317601,-3.7965145,-3.6587805,-3.13159,-2.823446,-2.7948965,0.99982678884052,3029.77423291902,1860.78423311718
"log_lik_case[5,2]",-2.763392835,0.200390229016425,-3.23957225,-3.1553485,-2.734255,-2.4983625,-2.47475875,1.00069383339735,2472.48234763176,1414.70424252548
"log_lik_case[6,2]",-3.698018905,0.36418301525023,-4.519417,-4.324818,-3.6682,-3.138569,-3.05139475,1.00098418593474,2924.58148978244,1671.10519128605
"log_lik_case[1,3]",-2.70857191,0.139895458299325,-3.07512275,-2.9831445,-2.675075,-2.5544495,-2.552298,0.999462325906274,2742.33855520706,1707.66993251839
"log_lik_case[2,3]",-3.636608795,0.379401962008746,-4.7057865,-4.401942,-3.508485,-3.2991555,-3.29717925,0.999387490103459,2242.25885822592,1650.68342634735
"log_lik_case[3,3]",-3.235940695,0.1770057903637,-3.7460445,-3.602014,-3.16825,-3.1051495,-3.10483975,1.00051043680091,1748.02566437855,1554.25480046685
"log_lik_case[4,3]",-3.20230062,0.276559594945273,-3.88111025,-3.758858,-3.15063,-2.844228,-2.8206685,0.998836284019875,3129.03841456546,1740.18616273536
"log_lik_case[5,3]",-3.127654405,0.266628385207099,-3.7229595,-3.627772,-3.08991,-2.7598895,-2.71754775,1.00007736842142,2575.74568196959,1654.67188594744
"log_lik_case[6,3]",-2.58364822,0.109141003368302,-2.866553,-2.7989295,-2.551065,-2.4712275,-2.46880925,0.999526906743841,2524.1727393557,1632.5858062861
"log_lik_case[1,4]",-3.26935423,0.305845646571715,-3.9903925,-3.8381715,-3.22026,-2.8640945,-2.80534825,1.00060024350559,2656.65929166085,1815.70512408452
"log_lik_case[2,4]",-4.0793776,0.643594143077174,-5.64513675,-5.286936,-3.94569,-3.3077485,-3.28328,1.0003209703408,2942.25141728658,1496.96219443356
"log_lik_case[3,4]",-3.20540884,0.184791881714615,-3.73569775,-3.5738975,-3.13416,-3.066159,-3.06557,0.999419923851268,2082.35627346448,1693.68062765925
"log_lik_case[4,4]",-3.434229875,0.349738593661584,-4.280724,-4.096921,-3.37873,-2.9565715,-2.918097,1.00219318683916,2826.36476419331,1541.32599190108
"log_lik_case[5,4]",-3.412739325,0.338326378066568,-4.17046075,-4.0300715,-3.36027,-2.9421495,-2.86948275,0.999992963913572,2572.03013849162,1684.02922591015
"log_lik_case[6,4]",-3.59567033,0.370968712613962,-4.37571675,-4.234,-3.579,-3.0201605,-2.93556625,0.999328424159017,2707.48943977286,1674.47978674199
"log_lik_case[1,5]",-4.361384265,0.51670378880016,-5.47094875,-5.2769485,-4.326055,-3.576207,-3.44294025,0.999254003677034,2556.40199794159,1366.17671811336
"log_lik_case[2,5]",-5.805820545,1.1693371338361,-8.46863975,-8.0110525,-5.67633,-4.1546525,-3.9541145,0.999599415143724,2833.66997571662,1452.57752911837
"log_lik_case[3,5]",-4.369836635,0.668890652867323,-5.946562,-5.5874155,-4.284845,-3.4625265,-3.37551975,1.00004803839575,2777.40083236222,1400.43410182158
"log_lik_case[4,5]",-2.988452575,0.190101671844406,-3.48785225,-3.372153,-2.93444,-2.7939535,-2.79083,1.00072719292649,2526.97605294267,1517.14041467106
"log_lik_case[5,5]",-2.77950886,0.151030085318575,-3.167091,-3.076153,-2.744645,-2.6096065,-2.606568,1.00008779057553,2570.42963765097,1404.5528070094
"log_lik_case[6,5]",-3.94727592,0.416330819146432,-4.87424925,-4.716943,-3.913235,-3.325183,-3.2348035,0.999333525124668,2553.07314864661,1515.83681961483
"log_lik_case[1,6]",-3.026150935,0.23683191388534,-3.5894795,-3.4721455,-2.98699,-2.72932,-2.698749,1.00128267711147,2293.98472126313,1670.64306339814
"log_lik_case[2,6]",-3.652450055,0.288200839156121,-4.47838675,-4.242957,-3.541175,-3.438869,-3.438189,1.00348209090287,1497.06309500362,1542.33640841729
"log_lik_case[3,6]",-3.387915665,0.196941037739804,-3.92945225,-3.7945645,-3.313245,-3.233059,-3.23248925,1.00193166719228,1900.81615299579,1588.21367973863
"log_lik_case[4,6]",-2.913997255,0.076564290827578,-3.130859,-3.0733305,-2.883525,-2.8564695,-2.85632975,1.00212913458303,1315.59152295222,1509.69010064727
"log_lik_case[5,6]",-6.256699775,0.770811791339451,-7.859911,-7.605269,-6.211075,-5.0583365,-4.8796875,1.0021658815123,1990.76904654498,1473.04056960128
"log_lik_case[6,6]",-2.96129083,0.205390895858999,-3.44607225,-3.3336125,-2.928195,-2.686638,-2.66444075,1.00225423525798,2107.01502798688,1473.88934330692
"log_lik_case[1,7]",-2.79435263,0.0598410391902479,-2.97350975,-2.916134,-2.771255,-2.75304,-2.75289975,1.0024418811534,1087.37109434849,1311.26854765416
"log_lik_case[2,7]",-4.98334861,0.941316002905789,-7.28485925,-6.748142,-4.83462,-3.7257545,-3.583715,1.0036027877064,2632.90292337272,1602.60001301446
"log_lik_case[3,7]",-3.37855331,0.165106906847922,-3.85049875,-3.731937,-3.311515,-3.2565295,-3.25625975,0.999514306295713,1272.06741348053,1444.50986237674
"log_lik_case[4,7]",-3.729847275,0.398514808886038,-4.6407225,-4.471909,-3.68231,-3.1727625,-3.1003465,1.00019790182957,2626.35128560574,1419.309969933
"log_lik_case[5,7]",-6.091609165,0.747882712062496,-7.60490625,-7.382853,-6.050985,-4.918422,-4.7117395,1.00143782735101,2070.82163059362,1573.86116223022
"log_lik_case[6,7]",-2.676406025,0.0857225290553376,-2.9132265,-2.856531,-2.646145,-2.60577,-2.60554975,0.999558688948663,1964.92808837135,1507.48455174819
"log_lik_case[1,8]",-2.8022487,0.0700097563794087,-3.0134215,-2.9487145,-2.775285,-2.7530395,-2.75289,1.00156828700851,1160.64439425378,1084.95229151695
"log_lik_case[2,8]",-5.49055525,1.10727556356879,-7.8747555,-7.5231605,-5.324395,-4.006116,-3.8517295,1.00144328469979,2618.67956154658,1393.80365387783
"log_lik_case[3,8]",-3.724144285,0.388188742747631,-4.6770895,-4.4805545,-3.630115,-3.299102,-3.2935585,1.00172482027432,2575.45870693255,1599.7211291677
"log_lik_case[4,8]",-6.57721319,0.909725853776366,-8.364316,-8.1266965,-6.52209,-5.1644225,-4.9858315,1.00221141877598,2701.63123013637,1555.4283354929
"log_lik_case[5,8]",-2.738824505,0.0567777997145468,-2.90657625,-2.8474905,-2.71598,-2.6991195,-2.69902,1.00260987818127,1297.62390447342,1275.48327840287
"log_lik_case[6,8]",-2.6210727,0.0469892568651641,-2.752404,-2.712649,-2.60278,-2.58817,-2.58805,1.00051634163236,1256.16085576844,1232.95386705505
"log_lik_case[1,9]",-3.1718908,0.240996080217086,-3.766085,-3.620991,-3.13058,-2.8694165,-2.83870925,1.0034892799062,2343.67659401489,1319.15611547506
"log_lik_case[2,9]",-6.13781339,1.27542357754692,-8.91942975,-8.594933,-5.974615,-4.287878,-4.04568575,1.00622216504083,2360.90304929194,1441.16690650933
"log_lik_case[3,9]",-3.896651675,0.501970435097527,-5.11463575,-4.8955835,-3.79599,-3.2611545,-3.2211035,1.00525010208427,2450.73946625906,1354.29337140195
"log_lik_case[4,9]",-3.56162115,0.359537334067509,-4.39939825,-4.2394015,-3.506395,-3.085381,-3.0427425,1.00372797004489,2543.19884576315,1588.63215109243
"log_lik_case[5,9]",-3.019443755,0.201388759756418,-3.5200585,-3.397904,-2.983655,-2.7706735,-2.75738925,1.00329320022471,2270.9254549493,1471.23178045009
"log_lik_case[6,9]",-5.0151492,0.567150743366533,-6.24796325,-6.0098005,-4.98792,-4.125209,-3.99644575,1.00513537896274,2179.12914870629,1431.3637910216
"log_lik_case[1,10]",-3.13204623,0.189118826599771,-3.587496,-3.4975655,-3.083725,-2.9129555,-2.90717925,1.00182778708735,2625.09282732245,1674.44617807145
"log_lik_case[2,10]",-3.8372882,0.297743815938173,-4.6963945,-4.4746165,-3.714865,-3.6054595,-3.60489975,1.00301823543611,1393.07375654408,1359.63844940238
"log_lik_case[3,10]",-3.597961545,0.303459319571966,-4.42144025,-4.219783,-3.500385,-3.331286,-3.33027,1.00203142701122,2689.5657336937,1670.21422915913
"log_lik_case[4,10]",-3.04148568,0.0805023479033163,-3.27216725,-3.1980635,-3.01118,-2.9840995,-2.9839,1.00223617927095,1365.64559366312,1893.65529594297
"log_lik_case[5,10]",-3.36556578,0.286938732464067,-4.00702075,-3.889012,-3.32584,-2.973345,-2.9305425,1.00418629424178,2371.88165495647,1659.39261348802
"log_lik_case[6,10]",-3.252352325,0.254799546386692,-3.8140075,-3.7122865,-3.222095,-2.887783,-2.850807,1.00050607460832,2609.74110541064,1875.98981283153
"log_lik_case[1,11]",-3.54543726,0.334412522721068,-4.35003925,-4.1705235,-3.501375,-3.0870745,-3.04615,1.00152769508558,2659.85027166097,1601.56616080837
"log_lik_case[2,11]",-4.267929,0.634379193537585,-5.79708925,-5.5283635,-4.088695,-3.600208,-3.58905925,1.00008874496569,2781.36789378392,1895.59244103496
"log_lik_case[3,11]",-3.551265065,0.239321383591015,-4.1906235,-4.0532165,-3.455545,-3.3655985,-3.36501,1.00229794888243,1881.53909059176,1958.80909863835
"log_lik_case[4,11]",-4.771747115,0.63643767539403,-6.15755675,-5.9303875,-4.725955,-3.8392115,-3.71839825,0.999582688313798,2539.4142721417,1598.00572517275
"log_lik_case[5,11]",-2.93026412,0.143102073412768,-3.32261025,-3.229554,-2.88889,-2.791748,-2.7902595,1.00056356732706,2069.57782470406,2057.80490669838
"log_lik_case[6,11]",-4.106403365,0.438572790170418,-5.08822,-4.874562,-4.085555,-3.450692,-3.33803925,1.00009418681446,2429.90345790649,1324.08143872931
"log_lik_case[1,12]",-3.59459544,0.35600572969925,-4.41396025,-4.2185215,-3.54071,-3.105266,-3.0522525,1.00143906927867,2222.1120783187,1365.48094345016
"log_lik_case[2,12]",-4.692076925,0.839068601645138,-6.7118525,-6.288657,-4.53694,-3.6441105,-3.57390875,0.999731589218525,2470.67362495923,1311.99411262605
"log_lik_case[3,12]",-3.62738922,0.297318361352423,-4.38087525,-4.270217,-3.517865,-3.373478,-3.3726,1.00075094962533,1718.1766684461,1235.36378633581
"log_lik_case[4,12]",-3.123631715,0.178789085053803,-3.584329,-3.475014,-3.072215,-2.9524685,-2.95093975,0.99967148098224,2605.11443077223,1783.41138625468
"log_lik_case[5,12]",-3.624692315,0.364064352386814,-4.4338045,-4.2770815,-3.583725,-3.1169385,-3.05098425,1.00075330887096,1959.93544958316,1365.58801694943
"log_lik_case[6,12]",-3.737409355,0.378141233979252,-4.578009,-4.41705,-3.703935,-3.18698,-3.118327,1.00164453500222,2512.49537726324,1215.14687206304
"log_lik_case[1,13]",-3.07059272,0.194374313535721,-3.57006125,-3.454791,-3.026445,-2.852363,-2.84740825,0.99949961362823,2490.76123230988,1625.7135538505
"log_lik_case[2,13]",-4.645641835,0.832575105235325,-6.6384625,-6.2326395,-4.50019,-3.5936775,-3.52799,1.00106959717596,2487.24539013491,1386.47055047738
"log_lik_case[3,13]",-3.40310191,0.165919365215241,-3.88065075,-3.716735,-3.3394,-3.288269,-3.2879,1.00105888874727,1205.01913931765,1223.10455324343
"log_lik_case[4,13]",-3.437408575,0.311650441955735,-4.18839775,-4.0252425,-3.37622,-3.0487175,-3.0121015,1.00000192292908,2486.50346558703,1701.76301439807
"log_lik_case[5,13]",-2.790060675,0.0980066298540157,-3.05107275,-2.972965,-2.75531,-2.713448,-2.71311,1.00149512133016,1936.24820099155,1541.95159256997
"log_lik_case[6,13]",-2.66585328,0.0792418585389941,-2.87922125,-2.8229565,-2.63799,-2.6058695,-2.60557975,1.00133721087147,2041.65281561267,1754.91494320306
"log_lik_case[1,14]",-3.08537987,0.183373413759247,-3.55689325,-3.448858,-3.036915,-2.891678,-2.8877975,1.00137217552744,2382.78979603711,1910.7845333244
"log_lik_case[2,14]",-3.972719755,0.443485126229712,-5.12954625,-4.875212,-3.808765,-3.600119,-3.59825,1.002868880071,2326.05111183475,1696.2352108212
"log_lik_case[3,14]",-4.35043152,0.648647158934105,-5.8947325,-5.504581,-4.233825,-3.474693,-3.3965185,1.00080879222015,2421.33260426763,1667.68849377972
"log_lik_case[4,14]",-5.45646338,0.742435858664027,-7.04799925,-6.7459725,-5.386715,-4.327169,-4.16065175,1.00241223996938,2328.60811805095,1627.44889341754
"log_lik_case[5,14]",-2.856803615,0.118428718741246,-3.17206775,-3.0911365,-2.82122,-2.7534895,-2.75306,1.00017312071129,2137.02001946466,1644.37705638247
"log_lik_case[6,14]",-2.704139765,0.0487434677410059,-2.846627,-2.803278,-2.685215,-2.66985,-2.66975,1.00158084321476,1255.37544057921,1351.12122188766
"log_lik_case[1,15]",-2.9005322,0.0978444949946617,-3.1859535,-3.103644,-2.865155,-2.8243495,-2.82417,1.00032988807923,2114.43564503028,1626.90249875857
"log_lik_case[2,15]",-3.69530111,0.240467782817688,-4.36349725,-4.140921,-3.59996,-3.530259,-3.52972,1.00192515142316,934.281508083793,1107.74154699249
"log_lik_case[3,15]",-3.42934469,0.205511161364356,-4.008873,-3.844139,-3.34978,-3.284039,-3.28349975,1.00399023513877,1587.13701435905,1379.62267901113
"log_lik_case[4,15]",-3.28407685,0.247257511435665,-3.8926015,-3.7767765,-3.23115,-2.990151,-2.9800135,1.00234651249189,2375.50253162188,1404.81007639886
"log_lik_case[5,15]",-2.776986075,0.0735634547733008,-2.9813045,-2.918808,-2.749185,-2.7268595,-2.72671,1.00401747311918,1380.38947750991,1327.50241582968
"log_lik_case[6,15]",-2.80956131,0.174319586431332,-3.21391375,-3.140511,-2.773965,-2.596416,-2.5832885,1.0052822350122,2301.61550030454,1520.91926563847
"log_lik_case[1,16]",-4.27958164,0.501980711385818,-5.41879425,-5.1772705,-4.23554,-3.564552,-3.4754855,1.00002389344724,2611.50365339803,1743.66816148489
"log_lik_case[2,16]",-4.08595701,0.571082888401739,-5.52745075,-5.239613,-3.940565,-3.481409,-3.4723085,1.00132322714899,2626.35702062612,1535.79376320789
"log_lik_case[3,16]",-3.370160275,0.144525617342423,-3.7707605,-3.661795,-3.31399,-3.265759,-3.26547,1.00380198348575,1150.42654358829,1071.78470379288
"log_lik_case[4,16]",-2.966061975,0.106503747603905,-3.26317375,-3.1821165,-2.924645,-2.8868995,-2.88664,1.00185629570985,1787.11621700622,1472.14265123255
"log_lik_case[5,16]",-2.7825117,0.0751807507381429,-2.988896,-2.9314615,-2.752495,-2.7268,-2.72669,0.999790291332778,1471.41069593346,1737.78751973525
"log_lik_case[6,16]",-2.63709947,0.0436470676801734,-2.76292875,-2.7221855,-2.619765,-2.6056195,-2.6055,1.00240575397466,1195.70703021989,1592.40231688089
"log_lik_case[1,17]",-3.147018855,0.226622450663678,-3.68616925,-3.573822,-3.10319,-2.859937,-2.83982,0.99953894061315,2407.31036185984,1626.3149566764
"log_lik_case[2,17]",-3.745937725,0.311746046255044,-4.65425325,-4.3737085,-3.623435,-3.5111895,-3.5104595,0.999224788436958,1623.85736401954,1486.9326328052
"log_lik_case[3,17]",-3.748337725,0.441249049092615,-4.838459,-4.5908255,-3.649695,-3.236455,-3.21847825,1.00123719328304,2560.47962701065,1601.34234234025
"log_lik_case[4,17]",-3.171621775,0.209091264135468,-3.70187275,-3.5915055,-3.116395,-2.9393765,-2.93467,1.00231894776197,2431.71509553008,1685.26667906995
"log_lik_case[5,17]",-2.74142932,0.0800383222472315,-2.9720945,-2.905702,-2.710475,-2.6847595,-2.68463,0.99932494942087,1670.88779644157,1589.63436861793
"log_lik_case[6,17]",-2.87968358,0.206726367521896,-3.35395825,-3.259361,-2.858715,-2.600777,-2.5704985,1.00042629881475,2231.46506571997,1534.31878337627
"log_lik_case[1,18]",-2.85588926,0.098979070562706,-3.11426375,-3.057612,-2.81877,-2.778209,-2.77785975,1.00094501005643,1700.09836342765,1406.66027900336
"log_lik_case[2,18]",-4.030089685,0.542482756383221,-5.4731075,-5.1223145,-3.882275,-3.4581405,-3.44927675,1.00101500824987,2119.36548220293,1649.28478933755
"log_lik_case[3,18]",-3.743130815,0.405026498945328,-4.8130675,-4.5635595,-3.647865,-3.2996075,-3.29048425,1.00086848958638,1960.42681553578,1548.62241929871
"log_lik_case[4,18]",-2.938530775,0.0972356135009999,-3.210314,-3.131334,-2.90004,-2.86685,-2.86663,1.00096166192818,1674.18468561132,1864.41323193575
"log_lik_case[5,18]",-3.42179627,0.315706851374482,-4.185093,-4.016534,-3.383095,-2.969304,-2.9216825,1.00189144162211,2104.57588379189,1646.07667176535
"log_lik_case[6,18]",-2.75157278,0.118738774763713,-3.03877975,-2.9886765,-2.72224,-2.62458,-2.62297975,1.00107174717819,1718.98320180177,1698.2878112726
"log_lik_case[1,19]",-2.857562145,0.164661183207144,-3.2753005,-3.1706825,-2.81481,-2.675828,-2.6712095,0.999950930255874,2800.67691772918,1649.86069291372
"log_lik_case[2,19]",-5.111645125,0.979867176102856,-7.402196,-6.9353335,-4.96689,-3.7917325,-3.6573645,1.00232482626815,2637.27122676667,1743.37982412187
"log_lik_case[3,19]",-3.956580465,0.498736005851894,-5.1805315,-4.8870825,-3.86006,-3.327856,-3.28005325,1.00064635276775,2558.84709038698,1592.48375567485
"log_lik_case[4,19]",-3.25976162,0.261914006038538,-3.88468375,-3.755128,-3.20929,-2.926087,-2.90788,1.00044781556624,2728.09680554646,1755.52697398861
"log_lik_case[5,19]",-3.187733565,0.258797362062572,-3.7741595,-3.65818,-3.151785,-2.8302785,-2.80062625,0.99999181259373,2474.42228302478,1774.79019400923
"log_lik_case[6,19]",-2.747765505,0.17594883229177,-3.16297,-3.080591,-2.717575,-2.516384,-2.499131,1.00095193838941,2756.59606027753,1768.54634637111
"log_lik_case[1,20]",-5.783582305,0.696663218419694,-7.25802875,-7.009951,-5.737305,-4.734674,-4.56212425,1.00205028735094,2251.19766867366,1400.04357007408
"log_lik_case[2,20]",-3.65348522,0.246450664970667,-4.33858975,-4.1570715,-3.55628,-3.4701595,-3.4695595,1.00447896561573,1066.50005623664,1471.17776155613
"log_lik_case[3,20]",-3.453444265,0.245590861492817,-4.14696,-3.9447625,-3.36777,-3.24746,-3.24698,1.00290026746084,1689.18537117423,1514.93919895998
"log_lik_case[4,20]",-3.10032926,0.192054379311587,-3.563915,-3.45603,-3.04749,-2.899319,-2.89673975,1.00087320574062,2582.3376362417,1800.05953080822
"log_lik_case[5,20]",-2.72696623,0.102667472388924,-3.0159305,-2.945046,-2.689375,-2.63913,-2.63876,1.00092324841467,2088.43691909456,1805.47838439733
"log_lik_case[6,20]",-2.76437836,0.1369357117935,-3.09488075,-3.029179,-2.731805,-2.6097095,-2.606309,1.0029366537698,2179.55942553821,1878.38992015434
"log_lik_case[1,21]",-3.265666805,0.311293176395142,-3.95368975,-3.819771,-3.22191,-2.841314,-2.798209,1.00028472719131,2454.25049029823,1721.5659904621
"log_lik_case[2,21]",-4.771966285,0.906601975629248,-6.9396775,-6.485464,-4.63363,-3.6170285,-3.53870875,1.00159912940519,2571.85646653865,1523.91692937969
"log_lik_case[3,21]",-4.40051457,0.667127761064855,-5.95940775,-5.651459,-4.293315,-3.512015,-3.435187,1.00007204879489,2668.55177382783,1777.98605315985
"log_lik_case[4,21]",-3.242673565,0.247533212391912,-3.8626825,-3.747413,-3.18708,-2.957451,-2.94753375,1.00254911310965,2549.51422353928,1845.23720283206
"log_lik_case[5,21]",-3.621149605,0.373249518699755,-4.4740155,-4.300619,-3.568215,-3.084037,-3.02739425,1.00137765794697,2097.10999019076,1667.74445200704
"log_lik_case[6,21]",-3.078172225,0.274597654848732,-3.69895525,-3.5798705,-3.041285,-2.7065405,-2.65923525,0.999614404750673,2501.4300690161,1892.82446999689
"log_lik_case[1,22]",-4.19641327,0.492835742370403,-5.2729645,-5.0714115,-4.154035,-3.466464,-3.37155925,1.00309071069383,2470.63522240373,1639.22456303104
"log_lik_case[2,22]",-3.75788738,0.242669228301237,-4.4353265,-4.2476905,-3.669165,-3.581669,-3.58108975,1.00519676878733,1187.62305297133,1194.22454980716
"log_lik_case[3,22]",-3.512734075,0.207254677121504,-4.07732175,-3.9297995,-3.433835,-3.353999,-3.35350975,1.0032675429969,1595.11648136285,1427.36800034128
"log_lik_case[4,22]",-3.05626361,0.0985000758362031,-3.33641975,-3.2579355,-3.0203,-2.9841995,-2.98392,1.0034296205192,1601.24516504915,1398.78709347429
"log_lik_case[5,22]",-3.100795765,0.241828577197546,-3.65102225,-3.556055,-3.0623,-2.788329,-2.76216225,1.00131536962634,2308.25447970899,1508.35822979433
"log_lik_case[6,22]",-2.97397808,0.180427405070748,-3.42025125,-3.311966,-2.939835,-2.748754,-2.73520775,1.00334242897843,2371.97635536639,1502.70140238057
"log_lik_case[1,23]",-4.500826925,0.539335902236088,-5.658127,-5.4510235,-4.46038,-3.7097825,-3.57382075,0.999895793600303,2274.3313991913,1624.79124559365
"log_lik_case[2,23]",-4.030306695,0.408016879144062,-5.11549575,-4.8499465,-3.882405,-3.708575,-3.7075395,1.00047243483505,2120.85743172073,1361.1536046646
"log_lik_case[3,23]",-3.604128705,0.201037107492292,-4.172837,-3.999857,-3.52867,-3.4637595,-3.46342,1.00149150163757,1410.83118169263,1362.02341717631
"log_lik_case[4,23]",-4.78581127,0.621224938466715,-6.14680625,-5.8891595,-4.72521,-3.899723,-3.757245,0.999588574232124,2487.41097482384,1375.38042080591
"log_lik_case[5,23]",-2.940557385,0.0618198997444511,-3.1131885,-3.0663255,-2.91674,-2.8963,-2.89619,0.999567341690649,1171.07803899402,1281.33687474797
"log_lik_case[6,23]",-2.88046487,0.125890100351324,-3.2074195,-3.121474,-2.846675,-2.7546295,-2.75327,1.00032326473039,2210.59081845082,1594.85340225532
"log_lik_case[1,24]",-4.45120075,0.504466733845866,-5.58137925,-5.3716035,-4.4196,-3.7030815,-3.58886625,0.999409766939616,2575.94936472737,1836.55366262733
"log_lik_case[2,24]",-4.436622385,0.614784503340508,-5.9803685,-5.6917645,-4.27261,-3.7806505,-3.7720185,1.00110839626523,2491.05603869476,1706.93943957652
"log_lik_case[3,24]",-4.033841805,0.461025909033746,-5.19260625,-4.970774,-3.929475,-3.4916785,-3.47355425,1.00104863088773,2568.92112621694,1875.4964791478
"log_lik_case[4,24]",-3.191732395,0.0754352176582367,-3.41455125,-3.34873,-3.16094,-3.1355,-3.13537975,1.00466070025033,1162.13558365361,1290.07361789238
"log_lik_case[5,24]",-4.837968095,0.579929459171224,-6.10611425,-5.8883115,-4.785545,-3.964502,-3.819762,1.00058106369688,2190.01989072404,1542.73361066984
"log_lik_case[6,24]",-2.930645055,0.089887334872507,-3.1774465,-3.121825,-2.897265,-2.8567,-2.85636,0.999694408498495,1940.18483930048,1845.7306583098
"log_lik_case[1,25]",-3.10169091,0.110542835083356,-3.421961,-3.3353235,-3.059135,-3.01551,-3.01514975,0.99962067005664,1518.18980743121,1524.66438197496
"log_lik_case[2,25]",-5.18377439,0.988372090637733,-7.65031575,-7.191798,-5.00071,-3.93307,-3.85273125,1.00433174396815,2287.93531792849,1242.87352990797
"log_lik_case[3,25]",-4.280287955,0.59207843627827,-5.73535125,-5.3956145,-4.16335,-3.5527685,-3.50854925,1.00254364941161,2496.45536699873,1463.04017018774
"log_lik_case[4,25]",-3.698956095,0.374801780996195,-4.55782025,-4.390042,-3.64234,-3.201596,-3.15323825,1.00168105670308,2282.11377439552,1422.07058860506
"log_lik_case[5,25]",-3.45267137,0.319376967980099,-4.17754125,-4.0379495,-3.403965,-3.0206185,-2.96887425,1.00418387298989,2155.46704156455,1492.24702699816
"log_lik_case[6,25]",-3.349855405,0.299132160409127,-4.0635305,-3.9055625,-3.314965,-2.9303975,-2.88909275,1.00211044500533,2097.61035590503,1272.88760232988
"log_lik_case[1,26]",-3.642461625,0.32837497072723,-4.41474825,-4.255642,-3.58773,-3.2075375,-3.1668525,1.00108080075634,1938.76657347085,1361.05729877854
"log_lik_case[2,26]",-4.16726212,0.361479666424441,-5.18743925,-4.8774795,-4.043945,-3.8942595,-3.89341,1.00068635145968,1742.82824192066,1465.71809058215
"log_lik_case[3,26]",-4.129723205,0.435547363812984,-5.27357225,-5.038876,-4.02047,-3.679055,-3.67381725,0.999570899051415,1896.92974176781,1593.00599164395
"log_lik_case[4,26]",-3.437133925,0.16318333145814,-3.90299725,-3.7741095,-3.38136,-3.2973685,-3.29671975,1.00106052774153,1869.48132227022,1702.25560313417
"log_lik_case[5,26]",-4.249780935,0.487546594000857,-5.3507795,-5.1813915,-4.196395,-3.5509235,-3.47650175,1.00162228530764,1782.78755211619,1614.61260358947
"log_lik_case[6,26]",-3.030714355,0.0666263060390727,-3.21161625,-3.164876,-3.006175,-2.9840995,-2.98391,1.00102508276234,1578.55918762193,1656.29028316833
"log_lik_case[1,27]",-5.112283825,0.659042954698317,-6.56347375,-6.2794935,-5.065895,-4.121084,-3.9594645,1.00125806805305,2089.69734113237,1650.87332377258
"log_lik_case[2,27]",-4.68750364,0.691754236839315,-6.55917775,-6.1116625,-4.476285,-4.014657,-4.007929,1.00097656143133,2164.85529023373,1373.6145227913
"log_lik_case[3,27]",-4.81063553,0.734625193478937,-6.6487695,-6.295809,-4.678965,-3.898499,-3.82778375,1.00173544506393,2127.87333823785,1304.89985120027
"log_lik_case[4,27]",-3.640008565,0.265124860585425,-4.31512175,-4.17353,-3.57123,-3.3555465,-3.3510095,0.999276824341414,2086.60447637672,1608.84017713209
"log_lik_case[5,27]",-3.358910815,0.193720300184151,-3.8686225,-3.73858,-3.30921,-3.161289,-3.1591285,1.00027637740135,2017.5494680819,1496.64995187295
"log_lik_case[6,27]",-3.40958337,0.234156748149386,-3.99164975,-3.878353,-3.36366,-3.1309035,-3.1213585,1.00013539893959,1912.27276755652,1473.44983490378
"log_lik_case[1,28]",-3.56201972,0.241586194584311,-4.178257,-4.0302915,-3.50979,-3.28812,-3.28156725,0.999842924373547,2149.64142197876,1257.10472813306
"log_lik_case[2,28]",-4.166973465,0.272500687259358,-4.922231,-4.723299,-4.06015,-3.9792195,-3.97836,1.00114107130452,828.047635708712,1071.14723035799
"log_lik_case[3,28]",-4.37532533,0.538942254970314,-5.75695625,-5.4502755,-4.26358,-3.742067,-3.72026525,0.999673497753778,2158.46119594027,1579.08988352343
"log_lik_case[4,28]",-3.44122682,0.10003031982519,-3.75179875,-3.6494215,-3.402335,-3.37244,-3.37226,1.00455264290923,1256.62816443956,1187.15300440426
"log_lik_case[5,28]",-3.942668275,0.390422732166905,-4.8684,-4.6608005,-3.88856,-3.3996415,-3.34440175,1.00038354214536,2177.89097060423,1567.06092798234
"log_lik_case[6,28]",-3.317824265,0.220116584877489,-3.86385,-3.754935,-3.277325,-3.051253,-3.03935575,1.00035680857992,2053.72553259547,1358.18617743432
"log_lik_case[1,29]",-3.39032479,0.183947497504791,-3.9016135,-3.7599165,-3.32872,-3.228286,-3.22756,1.00042609352687,2019.09413129113,1781.33622492464
"log_lik_case[2,29]",-4.225292605,0.350878413654571,-5.17805425,-4.96352,-4.089795,-3.971699,-3.9708595,1.00141099457618,1365.26107119621,1244.02784363235
"log_lik_case[3,29]",-3.89480429,0.222590217152016,-4.50112725,-4.351546,-3.810615,-3.73553,-3.73498975,1.0002699452042,1184.23969362512,1248.69290960493
"log_lik_case[4,29]",-3.449358345,0.109210538455617,-3.74981875,-3.6695265,-3.408135,-3.3724095,-3.37223,1.00043247346293,1094.70118087716,1386.04550468488
"log_lik_case[5,29]",-3.893715845,0.393495235607509,-4.79615875,-4.57475,-3.83465,-3.358234,-3.322188,1.00199165567416,1863.35227909643,1455.80957057853
"log_lik_case[6,29]",-3.21823918,0.176184042272288,-3.6822945,-3.5524625,-3.16573,-3.0468295,-3.0450195,1.00118928307037,1964.59494924871,1678.13225822789
"log_lik_case[1,30]",-3.381483665,0.136030236214233,-3.755123,-3.648144,-3.33168,-3.2750495,-3.27463975,0.999890161420335,2001.73469411554,1790.99306789057
"log_lik_case[2,30]",-6.42311115,1.33613051639104,-9.54148175,-8.9457345,-6.21612,-4.630234,-4.43696025,1.00072017123006,2087.56135742466,1303.22806776544
"log_lik_case[3,30]",-4.74919968,0.692058488000186,-6.40546775,-6.02739,-4.630745,-3.8761,-3.8028515,1.00024662189111,2089.21813773153,1310.78825766439
"log_lik_case[4,30]",-3.486756435,0.109870086932441,-3.79469175,-3.689753,-3.44473,-3.4149295,-3.41478,1.00014975945298,1220.29127035781,1217.83515449415
"log_lik_case[5,30]",-3.30784379,0.130026189663218,-3.67130325,-3.5827495,-3.256685,-3.20763,-3.20729,1.00111568624292,1819.2488628258,1697.66385193628
"log_lik_case[6,30]",-4.08071975,0.439605485658617,-5.07843275,-4.8792785,-4.03716,-3.4433665,-3.3619945,1.00265133118776,2057.9204322772,1597.83225009321
"log_lik_case[1,31]",-3.314780005,0.0891545286058731,-3.5725405,-3.496397,-3.279445,-3.25168,-3.25152,1.00020314174293,1395.59877451481,1380.30739363983
"log_lik_case[2,31]",-4.181037755,0.271283140061174,-4.983258,-4.7225485,-4.072025,-3.9835095,-3.98275,1.00160378335408,945.713710932463,1229.23390858654
"log_lik_case[3,31]",-3.889974155,0.2040500452376,-4.45664825,-4.3242295,-3.805815,-3.742569,-3.74212975,1.00157870197878,1360.34551971526,1559.58410054186
"log_lik_case[4,31]",-3.859891995,0.36854159685913,-4.7832175,-4.5502385,-3.79968,-3.3952825,-3.3605385,1.00244517882683,2335.77830659989,1591.93494957988
"log_lik_case[5,31]",-3.28617349,0.14218213297348,-3.6738615,-3.5888915,-3.23133,-3.17048,-3.16992,1.00126493720544,1862.43074764883,1524.24050389468
"log_lik_case[6,31]",-5.01759508,0.632277109851934,-6.46087425,-6.1559215,-4.96233,-4.089935,-3.9419495,0.999085627693743,2043.19072783703,1709.77958908982
"log_lik_case[1,32]",-4.035546325,0.417779060378557,-4.986921,-4.80607,-3.968385,-3.4672105,-3.4054375,1.00109463053719,2162.88280651843,1338.53700624596
"log_lik_case[2,32]",-5.07721709,0.87066640432162,-7.167223,-6.6950175,-4.91585,-3.997203,-3.93545875,1.00079546774163,2027.83744565181,1426.18326900923
"log_lik_case[3,32]",-4.169525285,0.439015195242426,-5.33968975,-5.0580345,-4.03499,-3.7386335,-3.73493625,0.999968214409992,2012.61676824136,1673.00158820115
"log_lik_case[4,32]",-3.70345729,0.313479261715857,-4.4738665,-4.320274,-3.63179,-3.330671,-3.312291,1.00053389484691,2163.66826550955,1541.4902906941
"log_lik_case[5,32]",-3.55833752,0.26980356368354,-4.19024875,-4.0685605,-3.507745,-3.220699,-3.20442425,1.0012397816547,2109.85708161686,1587.61382024271
"log_lik_case[6,32]",-3.11040974,0.0807820258862424,-3.33294225,-3.271475,-3.078515,-3.0517,-3.0515,1.00035969268466,1521.47575324069,1772.43107783836
"log_lik_case[1,33]",-3.925222855,0.385493689815336,-4.85270325,-4.644758,-3.85817,-3.402911,-3.34943675,1.00213067313635,2156.86106093156,1646.20644166484
"log_lik_case[2,33]",-4.45439695,0.545614027184811,-5.83116275,-5.548255,-4.283595,-3.9497965,-3.946439,1.00182479086194,2109.0733972263,1429.15736840325
"log_lik_case[3,33]",-3.80953486,0.172032590276491,-4.29797075,-4.1547975,-3.74052,-3.686498,-3.68609975,1.00047348840937,1240.81260240481,1620.95649625145
"log_lik_case[4,33]",-4.849407615,0.61218344294498,-6.150162,-5.9312775,-4.778555,-3.9205455,-3.804256,1.00003391255177,2292.87736908814,1821.00072994364
"log_lik_case[5,33]",-4.34887454,0.509462103044876,-5.4850655,-5.253092,-4.29417,-3.599577,-3.49904675,1.00186666288518,2164.58247403566,1398.33902981983
"log_lik_case[6,33]",-3.20540964,0.187748453031385,-3.70879925,-3.568231,-3.165435,-2.991368,-2.98624875,1.00209487604195,2085.43916656867,1753.59726144982
"log_lik_case[1,34]",-3.35991209,0.132362835771143,-3.73182175,-3.6022465,-3.309835,-3.2613295,-3.2609095,1.00365051587134,1907.14083610711,1753.09584712942
"log_lik_case[2,34]",-6.969478215,1.50131023138777,-10.41489,-9.659995,-6.79701,-4.880364,-4.61629975,1.00203528340748,2110.97918978201,1522.08239436405
"log_lik_case[3,34]",-4.403830595,0.570640744774586,-5.87176825,-5.4798915,-4.259295,-3.7428615,-3.7198275,1.00271812605846,1968.12026585279,1210.1599720329
"log_lik_case[4,34]",-3.65695187,0.282073431048468,-4.37884325,-4.193066,-3.5922,-3.351266,-3.34461775,0.998391358717116,2367.24704323996,1748.94576428619
"log_lik_case[5,34]",-5.229655865,0.694187823398271,-6.70577625,-6.418952,-5.150405,-4.203558,-4.038261,0.9997580047646,2102.81452047261,1735.27784542219
"log_lik_case[6,34]",-3.41068409,0.260507664650856,-4.04158975,-3.9299345,-3.36241,-3.08338,-3.055121,1.00114391236675,1966.96488730118,1890.2031898939
"log_lik_case[1,35]",-3.97920398,0.387017287160845,-4.866308,-4.7063575,-3.917675,-3.464407,-3.4047275,1.00042633745744,2242.45805530118,1762.92695114061
"log_lik_case[2,35]",-7.1165671,1.52035052056273,-10.6310475,-9.999742,-6.87255,-5.0002045,-4.80592825,0.999406233353623,2082.77515803346,1286.47838301859
"log_lik_case[3,35]",-4.36048283,0.513863253863931,-5.597545,-5.330602,-4.23808,-3.761382,-3.74517625,1.00148126951883,2010.56959938581,1666.16604273842
"log_lik_case[4,35]",-5.15769407,0.688074608721844,-6.607709,-6.3932685,-5.08175,-4.1215125,-4.00342675,0.9998442741592,2206.13826981394,1615.64623232165
"log_lik_case[5,35]",-4.62604331,0.562050849611063,-5.92160225,-5.6221375,-4.561625,-3.8137855,-3.70450775,1.00097081410362,1987.24172141294,1858.52859589028
"log_lik_case[6,35]",-3.36753111,0.229506331517174,-3.93067475,-3.8276915,-3.318095,-3.078549,-3.065882,0.999418382013623,1916.28862238449,1743.04310337798
"log_lik_case[1,36]",-3.5251192,0.223481074846098,-4.115645,-3.978755,-3.463715,-3.2958295,-3.29278975,1.00335794716375,2007.64167266812,1191.50081399982
"log_lik_case[2,36]",-4.782428805,0.752786467918601,-6.71244025,-6.257996,-4.5613,-4.031664,-4.0216075,1.00295739261957,1947.8502242953,1042.75324024579
"log_lik_case[3,36]",-3.972030195,0.268539859757078,-4.7369225,-4.5112995,-3.868075,-3.768829,-3.76808975,1.00272223159286,1469.25071204382,1287.4099001359
"log_lik_case[4,36]",-5.87670322,0.823110412058948,-7.60047775,-7.3145685,-5.809855,-4.6413345,-4.4087165,1.00157592291986,1855.110995477,1202.61182109141
"log_lik_case[5,36]",-3.267014835,0.110266807120951,-3.5795025,-3.4825545,-3.224855,-3.1864595,-3.18619975,1.0028075936554,1847.34228183607,1853.28780422318
"log_lik_case[6,36]",-3.47044099,0.273572236109048,-4.0860065,-3.966407,-3.427165,-3.100252,-3.07031125,1.00224248682813,1872.64929461512,1155.11482518187
"log_lik_case[1,37]",-3.658636795,0.292904885025351,-4.3679995,-4.219996,-3.598095,-3.2971305,-3.27477425,0.999264411263943,2203.42442604714,1530.13860919232
"log_lik_case[2,37]",-4.1735298,0.316621018975349,-5.045842,-4.808148,-4.04878,-3.942669,-3.94187975,1.00138904210254,1310.47129019927,1392.74863710124
"log_lik_case[3,37]",-3.875823845,0.214208272677569,-4.50063125,-4.306339,-3.790475,-3.7209585,-3.72045975,1.00040500343519,1186.17774623734,1256.83908007205
"log_lik_case[4,37]",-3.49650643,0.173066644075052,-4.00946475,-3.8460405,-3.43314,-3.3616485,-3.36115,1.0035178963819,1667.2831645547,1515.32589691686
"log_lik_case[5,37]",-5.362021955,0.694236807593588,-6.8284655,-6.5968255,-5.30798,-4.3108375,-4.1523745,1.00139427646706,1705.47332469947,1463.67278190186
"log_lik_case[6,37]",-3.935189865,0.408597569877363,-4.86351625,-4.6657435,-3.876665,-3.3484065,-3.29903875,1.00002738404459,2066.14753719713,1608.6588672759
"log_lik_case[1,38]",-3.346169125,0.100716935662027,-3.63700075,-3.5590705,-3.30754,-3.27028,-3.27,1.00149623507993,1459.13611847909,1265.47796578016
"log_lik_case[2,38]",-4.252625525,0.331857027154406,-5.21039125,-4.940033,-4.1255,-4.015079,-4.01450975,1.00007376498061,1379.21763341417,1445.3013744907
"log_lik_case[3,38]",-6.054670255,1.06670931779254,-8.43296275,-8.0047625,-5.897625,-4.5394465,-4.36144675,1.00071822984708,2284.67658187179,1691.9639501562
"log_lik_case[4,38]",-5.642898045,0.797035615479258,-7.3196285,-7.0962835,-5.5793,-4.475445,-4.29299,1.00247330777496,2218.92194517878,1571.53055511603
"log_lik_case[5,38]",-3.29879018,0.126342291358676,-3.6296135,-3.542977,-3.252105,-3.197319,-3.1969,1.000373743499,1848.16555032872,1492.46859308112
"log_lik_case[6,38]",-3.26867559,0.181620216815833,-3.76372325,-3.634582,-3.222635,-3.075754,-3.07298,0.999720227246099,2210.94219449297,1792.95696368454
"log_lik_case[1,39]",-3.336200545,0.112111758070248,-3.64394475,-3.567273,-3.293135,-3.25637,-3.25617,1.0050791853135,1542.83590846008,1493.94152769073
"log_lik_case[2,39]",-4.41563678,0.494809249302829,-5.79961475,-5.3824255,-4.254145,-3.9944195,-3.992238,1.00097854244805,2070.58856640888,1488.88902325414
"log_lik_case[3,39]",-3.86030048,0.174431626328775,-4.35189875,-4.1993005,-3.794615,-3.73899,-3.7385495,1.00300395930236,1047.41720001896,1144.58411518352
"log_lik_case[4,39]",-3.57863477,0.230128397832583,-4.17966575,-4.045639,-3.510935,-3.349145,-3.346439,1.00170212183605,2281.20019985873,1804.59518566353
"log_lik_case[5,39]",-4.082699345,0.44021713649829,-5.0430165,-4.8565865,-4.02896,-3.453814,-3.37838825,1.00104351105232,1923.88324505841,1567.3241238058
"log_lik_case[6,39]",-3.18968634,0.150800342072852,-3.60334075,-3.488806,-3.14438,-3.0462695,-3.0449495,1.0001706197632,2006.70416128581,1728.21846080702
"log_lik_cs[1]",-3.231144395,0.847829687158363,-5.22647325,-4.8112115,-3.07312,-2.171713,-2.088106,1.00084792824779,1987.28296028286,1285.1788047393
"log_lik_cs[2]",-1.577862725,0.10143933014652,-1.829827,-1.7677055,-1.5423,-1.49647,-1.49611,1.00095435848065,1336.39029197991,1388.06421886827
"log_lik_cs[3]",-1.692850135,0.0543501722475968,-1.82703575,-1.7979895,-1.678965,-1.634657,-1.63336975,1.00741185149703,492.246961446297,792.243416249381
"log_lik_cs[4]",-1.72802622,0.0653109795481309,-1.886072,-1.8493665,-1.715605,-1.6459035,-1.6390395,1.01251564127158,354.43319892889,923.129386969301
"log_lik_cs[5]",-2.51484178,0.21684937059188,-2.9805875,-2.8873785,-2.49639,-2.1794885,-2.12705675,1.01144527570873,352.780140899323,787.601695944986
"log_lik_cs[6]",-5.73424769,0.448657849344746,-6.6751675,-6.5175045,-5.714925,-5.036255,-4.90891575,1.0103141068425,418.258913978672,1203.1247267484
"log_lik_cs[7]",-3.251956755,0.323212710802239,-3.91817625,-3.8025175,-3.233015,-2.754539,-2.67481975,1.00910611991606,479.145144683594,1180.86175700799
"log_lik_cs[8]",-2.25582671,0.186994830276002,-2.65044125,-2.580253,-2.237065,-1.9791085,-1.94111275,1.01321842395465,328.565297332481,917.948639083885
"log_lik_cs[9]",-2.293718365,0.193067955998383,-2.70907825,-2.625097,-2.276275,-2.0120765,-1.9598295,1.01232956313815,390.647361834064,996.725731895223
"log_lik_cs[10]",-3.305823985,0.336757500022613,-4.034636,-3.8919135,-3.28509,-2.7999315,-2.71464025,1.01056675323421,366.81742544777,907.292263796348
"log_lik_cs[11]",-2.42782001,0.232653286474431,-2.9462775,-2.8457795,-2.40327,-2.088427,-2.04481825,1.00974164600875,450.870707814348,1169.20523835854
"log_lik_cs[12]",-2.48831398,0.220690895576947,-2.94279225,-2.869236,-2.461885,-2.160465,-2.1104055,1.01690119299926,340.922604944556,969.79087196738
"log_lik_cs[13]",-2.669691005,0.264522945042329,-3.229021,-3.13335,-2.65205,-2.2757,-2.21706175,1.01102395452132,391.075954857075,852.734968782227
"log_lik_cs[14]",-2.26569894,0.185950736298196,-2.67466025,-2.5821875,-2.24145,-2.0007465,-1.9602995,1.01256600199933,341.899192801953,1209.96466722219
"log_lik_cs[15]",-1.92618029,0.0759097429672541,-2.10851725,-2.069167,-1.909095,-1.83562,-1.83119,1.00828318134575,393.026460900819,1050.51374460245
"log_lik_cs[16]",-1.9210212,0.023896023538038,-1.988526,-1.9677695,-1.91196,-1.90389,-1.90381,0.999632954241841,1547.7800310739,1927.92887508392
"log_lik_cs[17]",-1.93957725,0.0425399801503609,-2.05894625,-2.0257425,-1.92445,-1.904,-1.90387,1.00963635288461,452.381191102953,1214.69824651579
"log_lik_cs[18]",-1.888588335,0.087899618844875,-2.10120625,-2.0469675,-1.87351,-1.7704095,-1.7599555,1.01728465147915,271.417826819312,865.433750030033
"log_lik_cs[19]",-2.358896025,0.195140097839582,-2.7467575,-2.6785275,-2.346775,-2.061533,-2.02117675,1.01689792010319,280.818705972863,865.895706730531
"log_lik_cs[20]",-1.97754028,0.131185021769598,-2.2688715,-2.210932,-1.96258,-1.7868585,-1.762131,1.01602279283513,329.915103364056,1024.8763023191
"log_lik_cs[21]",-1.826039065,0.0667737538684071,-1.98997275,-1.956545,-1.81118,-1.7473295,-1.7432775,1.01125989442846,413.707785981095,740.235641847218
"log_lik_cs[22]",-1.870512015,0.0497943637776585,-2.010394,-1.97085,-1.85238,-1.82892,-1.82874,1.00514308401094,510.455108663335,1218.82137489819
"log_lik_cs[23]",-3.45394565,0.402253851672262,-4.317245,-4.1695515,-3.42939,-2.8289315,-2.72666025,1.00658671619154,488.018747449401,1417.51835438723
"log_lik_cs[24]",-2.390282515,0.229754036853,-2.899434,-2.81027,-2.364475,-2.0587585,-2.0149165,1.00705637823132,470.544950503325,1335.61389797895
"log_lik_cs[25]",-1.990063915,0.413029284265599,-3.18457275,-2.82627,-1.840615,-1.634999,-1.63335975,1.00082053172278,1801.45229212339,1794.56904711161
"log_lik_cs[26]",-2.028722585,0.278605461084381,-2.80284675,-2.578867,-1.92163,-1.829409,-1.82885,1.0033173988934,1335.35618919807,1586.33949670557
"log_lik_cs[27]",-1.90876302,0.132245113409494,-2.230454,-2.16811,-1.88235,-1.749549,-1.7442055,1.00469423724629,776.270936202659,1468.04776782716
"log_lik_cs[28]",-2.158221305,0.174219445181606,-2.547966,-2.4729365,-2.13936,-1.9096215,-1.88340475,1.00861556569415,461.84466383247,1127.66706287283
"log_lik_cs[29]",-2.035822185,0.114518038991693,-2.3069035,-2.2571875,-2.01833,-1.880778,-1.8648185,1.01274267525222,352.556801160466,984.798458979399
"log_lik_cs[30]",-3.772475135,0.362535649618357,-4.5460715,-4.3839775,-3.75197,-3.2155185,-3.130133,1.01227672181606,364.385546412554,741.898610792783
"log_lik_cs[31]",-3.27089416,0.296255962754893,-3.87603825,-3.7804995,-3.253585,-2.811594,-2.7662845,1.01283830240166,399.904588654635,1200.27904174404
"log_lik_cs[32]",-2.00104627,0.110479144792599,-2.26085925,-2.210684,-1.98174,-1.8549955,-1.845189,1.01265695628444,375.513451297122,944.063897943211
"log_lik_cs[33]",-2.09425588,0.10399480258459,-2.35347725,-2.3049795,-2.07034,-1.9743785,-1.97098925,1.0117920865007,455.860232310811,1457.65115213022
"log_lik_cs[34]",-1.85939481,0.0396029980505415,-1.9629585,-1.940726,-1.84415,-1.82884,-1.82873,1.00363755124913,709.697348163773,1004.61170545608
"log_lik_cs[35]",-2.525840145,0.184010208868456,-2.9306475,-2.8586405,-2.507115,-2.2512985,-2.2207055,1.00850946174173,512.497889107437,869.00085169655
"log_lik_cs[36]",-1.926038005,0.0286354118684613,-2.0024555,-1.981956,-1.91461,-1.90392,-1.90382,1.00357572436679,813.835465599043,1414.90207337711
"log_lik_cs[37]",-2.43607826,0.170820757430287,-2.81043275,-2.753182,-2.42106,-2.185054,-2.15395625,1.00926405474552,426.438475773784,1009.74069302437
"log_lik_cs[38]",-4.683657825,0.452454511104297,-5.65712075,-5.4443955,-4.67352,-3.9778805,-3.86365575,1.00690144070121,512.335836608684,817.430796964736
"log_lik_cs[39]",-3.42061908,0.308204958675115,-4.05313325,-3.932852,-3.404795,-2.942423,-2.87388775,1.00939077227871,454.047253716331,1072.09466685408
