"variable","mean","median","sd","mad","q5","q95","rhat","ess_bulk","ess_tail","label","p_r1_fixed","p_r2_fixed","num_divergent","max_rhat"
"s_i",0.1210008552,0.1190855,0.0167015798276155,0.0153337905,0.0958276,0.15067915,1.00136957787121,2393.76028556399,1426.14966331584,"lhs_01",0.0849357052581326,0.0900613771631205,0,1.23822131530217
"rep",0.11640153665,0.114642,0.0131577037718656,0.0117407094,0.09842376,0.140905,1.23822131530217,14.1324449099288,57.3289975652463,"lhs_01",0.0849357052581326,0.0900613771631205,0,1.23822131530217
"rr[1]",10.708572265,7.462655,10.1125297095494,6.681092271,1.6197585,30.585275,1.02264596825277,309.246843629613,695.112911974586,"lhs_01",0.0849357052581326,0.0900613771631205,0,1.23822131530217
"rr[2]",1.21894283,1.150045,0.228409881496782,0.159364674,1.00847,1.658314,1.02504593944581,171.941618701982,979.511585232895,"lhs_01",0.0849357052581326,0.0900613771631205,0,1.23822131530217
"rr[3]",1.100480365,1.066005,0.10677533693089,0.0681921870000002,1.00525,1.311644,1.02581120540988,200.288131318828,980.221278574027,"lhs_01",0.0849357052581326,0.0900613771631205,0,1.23822131530217
"rr[4]",1.15735517,1.107355,0.159733409833947,0.109475184,1.0079685,1.4635945,1.02341884836318,218.320372408428,846.837291562183,"lhs_01",0.0849357052581326,0.0900613771631205,0,1.23822131530217
"rr[5]",1.40171324,1.260135,0.438590707896929,0.271212018,1.023608,2.247942,1.01889321874103,648.144937250926,991.771000619139,"lhs_01",0.0849357052581326,0.0900613771631205,0,1.23822131530217
"rr[6]",3.47692634,2.64307,2.70741398573208,1.750861644,1.133452,8.8379145,1.02469285610506,176.505278378005,628.96601623671,"lhs_01",0.0849357052581326,0.0900613771631205,0,1.23822131530217
"rrisk",1.06035,1.06035,0,0,1.06035,1.06035,NA,NA,NA,"lhs_01",0.0849357052581326,0.0900613771631205,0,1.23822131530217
"i_t[1]",2124.4249,2125.79,261.979590578598,254.599485,1697.3005,2560.476,1.18309059413127,17.0377677122287,112.8709736851,"lhs_01",0.0849357052581326,0.0900613771631205,0,1.23822131530217
"i_t[39]",9888.099855,9884.155,1115.2003213228,1093.780737,8043.2735,11768.1,1.2208005889456,14.8228001272238,69.1289010585894,"lhs_01",0.0849357052581326,0.0900613771631205,0,1.23822131530217
"p1[1]",0.5577658395,0.556716,0.153532536184453,0.1614810855,0.3092776,0.8145347,1.00059516722686,2885.58293398637,1121.79354262562,"lhs_01",0.0849357052581326,0.0900613771631205,0,1.23822131530217
"p1[2]",0.2188107756345,0.1909175,0.158743469286554,0.1702165647,0.016903835,0.52235455,1.00281842376666,2101.08003179096,1054.29434065701,"lhs_01",0.0849357052581326,0.0900613771631205,0,1.23822131530217
"p1[3]",0.2234233717131,0.202089,0.149682375183253,0.16151711268,0.02193383,0.5019326,1.00383835150974,2481.77452366198,1203.77049349401,"lhs_01",0.0849357052581326,0.0900613771631205,0,1.23822131530217
"p2[1]",0.56348179219,0.5735255,0.192299701892489,0.2026899525,0.2298356,0.86469175,1.0015421688021,2091.71551302234,1121.30265010919,"lhs_01",0.0849357052581326,0.0900613771631205,0,1.23822131530217
"p2[2]",0.22950898265175,0.197064,0.171605744369755,0.1736280273,0.016850195,0.571972,1.00181979118392,1758.81064638459,1248.16749352504,"lhs_01",0.0849357052581326,0.0900613771631205,0,1.23822131530217
"p2[3]",0.2070092179335,0.1797395,0.151380723376228,0.15476335077,0.01684509,0.49268265,1.0023919366766,1829.86114316513,1301.84324259257,"lhs_01",0.0849357052581326,0.0900613771631205,0,1.23822131530217
"p3[1]",0.26170722392,0.236907,0.177437858151892,0.1833479529,0.026264875,0.60294375,1.00655837133064,2108.38894452061,1118.61806274805,"lhs_01",0.0849357052581326,0.0900613771631205,0,1.23822131530217
"p3[2]",0.331020066945,0.300226,0.213648502379993,0.2300861766,0.03384216,0.71517955,1.0004967427343,2075.32567027057,1223.14562370432,"lhs_01",0.0849357052581326,0.0900613771631205,0,1.23822131530217
"p3[3]",0.407272720224,0.4084805,0.211509937865882,0.2412420003,0.065325965,0.7597212,1.00137945142737,2008.85234870418,1298.53584651757,"lhs_01",0.0849357052581326,0.0900613771631205,0,1.23822131530217
"cum_cs_w[1]",252.6755,251,22.7176857618285,22.239,218,291,1.02232066986206,366.458677858438,1548.15804284124,"lhs_01",0.0849357052581326,0.0900613771631205,0,1.23822131530217
"cum_cs_w[2]",248.1415,247,22.1439304229689,22.239,212,286,1.02871623441552,226.058240303803,1191.32468848885,"lhs_01",0.0849357052581326,0.0900613771631205,0,1.23822131530217
"cum_cs_w[3]",242.409,241,22.4096589757119,23.7216,208,280,1.03684638409599,102.67747113978,928.510839882584,"lhs_01",0.0849357052581326,0.0900613771631205,0,1.23822131530217
"cum_cs_w[4]",237.8265,238,21.9480581459543,22.239,203,274.05,1.04646145979319,80.4812615529762,522.074684333286,"lhs_01",0.0849357052581326,0.0900613771631205,0,1.23822131530217
"cum_cs_w[5]",232.603,232,22.3970579564047,22.239,196,271,1.06605892932307,48.2747013759219,462.040128021758,"lhs_01",0.0849357052581326,0.0900613771631205,0,1.23822131530217
"cum_cs_w[6]",227.0505,226,21.5040731567572,20.7564,191.95,264,1.07881452741502,45.0003975010225,316.465981131647,"lhs_01",0.0849357052581326,0.0900613771631205,0,1.23822131530217
"cum_cs_w[7]",222.027,222,23.410431331942,23.7216,185,261,1.10544604952208,27.8035056180304,326.099487137331,"lhs_01",0.0849357052581326,0.0900613771631205,0,1.23822131530217
"cum_cs_w[8]",217.712,217,23.2140798385673,23.7216,181.95,256,1.10697036748101,30.0014423341957,278.884102513846,"lhs_01",0.0849357052581326,0.0900613771631205,0,1.23822131530217
"cum_cs_w[9]",212.4515,212,23.9394067459424,23.7216,173,253,1.14459089273836,20.181019910307,194.261824043183,"lhs_01",0.0849357052581326,0.0900613771631205,0,1.23822131530217
"cum_cs_w[10]",207.856,207.5,25.2527050740466,24.4629,168,249,1.15533145811671,19.3222798078096,106.043671454017,"lhs_01",0.0849357052581326,0.0900613771631205,0,1.23822131530217
"cum_cs_w[11]",202.364,203,26.3463767866645,26.6868,159,247,1.16163913619747,18.6682635556012,88.573005983729,"lhs_01",0.0849357052581326,0.0900613771631205,0,1.23822131530217
"cs_pop[1]",1.131647181,1.129335,0.122213259089695,0.121669569,0.9316721,1.342149,1.01305427789247,697.494120326243,1204.73572980756,"lhs_01",0.0849357052581326,0.0900613771631205,0,1.23822131530217
"cs_pop[2]",1.812803855,1.806625,0.128535998848139,0.127792707,1.605587,2.0292325,1.03508196823261,115.924360223296,830.377479418519,"lhs_01",0.0849357052581326,0.0900613771631205,0,1.23822131530217
"cs_pop[3]",2.41399565,2.406155,0.163004668629383,0.161929572,2.153115,2.696489,1.03882269915309,107.395667737962,870.698834841857,"lhs_01",0.0849357052581326,0.0900613771631205,0,1.23822131530217
"cs_pop[4]",2.427052545,2.42023,0.168532363510835,0.173034246,2.154643,2.711907,1.03952264043058,92.958719053019,772.227798930011,"lhs_01",0.0849357052581326,0.0900613771631205,0,1.23822131530217
"cs_pop[5]",2.104170495,2.088345,0.232695598645139,0.225318135,1.737106,2.5138525,1.01311689592613,710.534622952919,1586.23759898408,"lhs_01",0.0849357052581326,0.0900613771631205,0,1.23822131530217
"cs_pop[6]",2.60045949,2.59529,0.194993399771934,0.192152373,2.288426,2.942427,1.03574084068715,105.28632956716,912.430785560947,"lhs_01",0.0849357052581326,0.0900613771631205,0,1.23822131530217
"cs_pop[7]",3.992957215,3.959405,0.486396568171753,0.492905196000001,3.223699,4.8144865,1.00606457744084,1682.52407189932,1521.62657613647,"lhs_01",0.0849357052581326,0.0900613771631205,0,1.23822131530217
"cs_pop[8]",6.10248745,6.08733,0.407617600079099,0.409375512,5.457533,6.7909885,1.04389854748925,86.1212777639252,708.391041754908,"lhs_01",0.0849357052581326,0.0900613771631205,0,1.23822131530217
"cs_pop[9]",5.60231997,5.58736,0.370972957352342,0.387358902,5.01358,6.2236505,1.03923277394869,87.6486720759928,867.120618102935,"lhs_01",0.0849357052581326,0.0900613771631205,0,1.23822131530217
"cs_pop[10]",5.48596673,5.468135,0.364093422539017,0.376891746000001,4.9033645,6.0874475,1.03584502396007,105.988314398034,965.38807462833,"lhs_01",0.0849357052581326,0.0900613771631205,0,1.23822131530217
"gst_pop[1]",16.22031555,16.1567,1.19570680356568,1.18326306,14.341035,18.223955,1.0309557343229,155.066698214155,616.633837477347,"lhs_01",0.0849357052581326,0.0900613771631205,0,1.23822131530217
"gst_pop[2]",22.456804,22.36585,1.5606785357786,1.5574713,19.98567,25.148345,1.03475544367835,119.409104400657,772.480140014286,"lhs_01",0.0849357052581326,0.0900613771631205,0,1.23822131530217
"gst_pop[3]",29.4011928,29.3138,1.98599503110656,2.02686246,26.322235,32.70253,1.04122638741898,93.2234139807777,789.29205138615,"lhs_01",0.0849357052581326,0.0900613771631205,0,1.23822131530217
"gst_pop[4]",27.5947971,27.58485,1.86213033974066,1.92397002,24.645075,30.7143,1.03943787738924,93.2610432690891,645.012250160475,"lhs_01",0.0849357052581326,0.0900613771631205,0,1.23822131530217
"gst_pop[5]",24.0282995,23.96705,1.64668310385514,1.67563452,21.42385,26.95261,1.03880028544734,96.3540632492411,741.086678132096,"lhs_01",0.0849357052581326,0.0900613771631205,0,1.23822131530217
"gst_pop[6]",33.17391275,33.0591,2.20915684025939,2.22323283,29.65191,36.908825,1.04600089948012,78.9099168088952,864.279423118529,"lhs_01",0.0849357052581326,0.0900613771631205,0,1.23822131530217
"gst_pop[7]",56.91254765,56.77415,3.74000111296467,3.77151201,50.77384,63.24281,1.04718291125397,74.9596894817437,617.234561993522,"lhs_01",0.0849357052581326,0.0900613771631205,0,1.23822131530217
"gst_pop[8]",66.27828575,66.15575,4.3982808242217,4.45083933000001,59.356615,73.814665,1.03921924799989,94.0463032853691,944.03797513195,"lhs_01",0.0849357052581326,0.0900613771631205,0,1.23822131530217
"gst_pop[9]",61.59441675,61.42065,4.07521515135696,4.25921328,55.204365,68.362705,1.0339989495039,113.301156961999,921.020236484282,"lhs_01",0.0849357052581326,0.0900613771631205,0,1.23822131530217
"gst_pop[10]",60.67643915,60.5391,4.08633187605007,4.25773067999999,53.98474,67.487075,1.03428327972109,105.307236652559,1034.99048793299,"lhs_01",0.0849357052581326,0.0900613771631205,0,1.23822131530217
"s_i",0.1222302656,0.1206465,0.0165341254452256,0.0167096433,0.09760668,0.1517086,1.00138257653305,2468.29104967819,1567.05971085739,"lhs_02",0.116124956330894,0.116896761698517,0,1.08244525116927
"rep",0.1480383555,0.1466815,0.0137509670850092,0.0141706908,0.12764355,0.17401375,1.0803358656107,75.4555321992654,70.6367984946379,"lhs_02",0.116124956330894,0.116896761698517,0,1.08244525116927
"rr[1]",8.695447485,6.285715,7.56735304048135,5.385952215,1.4982695,23.73267,1.00843670767122,860.98450008277,1020.33392075354,"lhs_02",0.116124956330894,0.116896761698517,0,1.08244525116927
"rr[2]",1.18697408,1.12298,0.191578404012288,0.133671216,1.0074265,1.569355,1.00557779702791,570.592075215545,635.831817677175,"lhs_02",0.116124956330894,0.116896761698517,0,1.08244525116927
"rr[3]",1.08830015,1.06299,0.0879192453591918,0.063373737,1.0054785,1.2672365,1.00485222199383,749.174535743725,1072.64823932714,"lhs_02",0.116124956330894,0.116896761698517,0,1.08244525116927
"rr[4]",1.13629357,1.091095,0.137187329249492,0.0929590200000003,1.007708,1.42681,1.01289248952969,577.757904798322,1231.30558825021,"lhs_02",0.116124956330894,0.116896761698517,0,1.08244525116927
"rr[5]",1.349332835,1.24933,0.338376689150853,0.254888592,1.020432,2.0078565,1.00992775642932,606.273458030414,857.835616396792,"lhs_02",0.116124956330894,0.116896761698517,0,1.08244525116927
"rr[6]",3.06150736,2.430495,2.07508532332557,1.473022404,1.0955525,7.2261855,1.0080766594281,759.794246317447,1257.5420017795,"lhs_02",0.116124956330894,0.116896761698517,0,1.08244525116927
"rrisk",1.00665,1.00665,0,0,1.00665,1.00665,NA,NA,NA,"lhs_02",0.116124956330894,0.116896761698517,0,1.08244525116927
"i_t[1]",1659.97782,1658.35,178.86961777683,189.142695,1381.7535,1956.736,1.05758326892575,101.000327853545,160.706035790971,"lhs_02",0.116124956330894,0.116896761698517,0,1.08244525116927
"i_t[39]",7744.35111,7739.33,736.451513497008,780.247901999999,6539.91,8962.361,1.07216570094193,80.4463382202583,96.6856273139916,"lhs_02",0.116124956330894,0.116896761698517,0,1.08244525116927
"p1[1]",0.5571015045,0.5570025,0.154705829241605,0.1639251516,0.303418,0.80619825,1.00022400552754,2488.97122247417,1524.60708559695,"lhs_02",0.116124956330894,0.116896761698517,0,1.08244525116927
"p1[2]",0.219503657153,0.192719,0.159477243019211,0.1633165443,0.01762324,0.52154955,1.00033521256573,2356.35208290857,1424.88764089669,"lhs_02",0.116124956330894,0.116896761698517,0,1.08244525116927
"p1[3]",0.223394834795,0.206955,0.144888526761486,0.1523645781,0.0218578,0.4883299,1.00091088787752,2165.56196748122,1490.19535363627,"lhs_02",0.116124956330894,0.116896761698517,0,1.08244525116927
"p2[1]",0.55982550206,0.5741305,0.184826579517797,0.1909566561,0.2354802,0.85340855,1.00439227126545,1607.57786483458,1315.50926470101,"lhs_02",0.116124956330894,0.116896761698517,0,1.08244525116927
"p2[2]",0.2230247943845,0.1896875,0.164298401050777,0.15828467403,0.01838007,0.5440805,1.00214292423184,1898.69169794885,1308.82981979028,"lhs_02",0.116124956330894,0.116896761698517,0,1.08244525116927
"p2[3]",0.217149712351,0.191588,0.150716877360904,0.1546863297,0.02295534,0.4952234,1.00127362283217,2331.98754689235,1398.72419210311,"lhs_02",0.116124956330894,0.116896761698517,0,1.08244525116927
"p3[1]",0.2524435384435,0.2174345,0.177307832000435,0.17969786583,0.02437198,0.58995485,1.00142209001809,1530.12972254473,912.860007598427,"lhs_02",0.116124956330894,0.116896761698517,0,1.08244525116927
"p3[2]",0.3297073232855,0.29372,0.227330828333382,0.2591777538,0.024891755,0.7372074,1.00105403232762,1750.11528939851,1037.09588832304,"lhs_02",0.116124956330894,0.116896761698517,0,1.08244525116927
"p3[3]",0.417849136305,0.418653,0.217107852414552,0.2418142839,0.063930645,0.78355085,1.0003223285033,2139.64624516488,1310.59941260256,"lhs_02",0.116124956330894,0.116896761698517,0,1.08244525116927
"cum_cs_w[1]",254.852,254,22.6266011044251,22.239,218.95,293.05,1.00926446083497,453.789133238841,1346.84264990773,"lhs_02",0.116124956330894,0.116896761698517,0,1.08244525116927
"cum_cs_w[2]",251.1255,251,21.4561397440536,22.239,218,287,1.01124004733314,379.68004772725,1184.17820321031,"lhs_02",0.116124956330894,0.116896761698517,0,1.08244525116927
"cum_cs_w[3]",246.5185,246,21.8762186453946,22.239,212,284,1.0217781306976,280.279841836189,926.567539479674,"lhs_02",0.116124956330894,0.116896761698517,0,1.08244525116927
"cum_cs_w[4]",242.457,242,22.3421739624568,23.7216,206,280,1.01754618049977,265.545196880584,816.797128773258,"lhs_02",0.116124956330894,0.116896761698517,0,1.08244525116927
"cum_cs_w[5]",237.014,237,21.6066477643758,22.239,203,272,1.03081702469062,195.098678172879,241.796126877805,"lhs_02",0.116124956330894,0.116896761698517,0,1.08244525116927
"cum_cs_w[6]",232.9285,233,21.9422222737159,22.239,197,269,1.03255344352368,179.669696574782,526.433659664949,"lhs_02",0.116124956330894,0.116896761698517,0,1.08244525116927
"cum_cs_w[7]",228.665,228,21.7373648705577,22.239,194,265.05,1.03953969413284,152.759708287244,336.031543784519,"lhs_02",0.116124956330894,0.116896761698517,0,1.08244525116927
"cum_cs_w[8]",223.9185,223,22.8752157475673,23.7216,187,261.05,1.04270640529783,145.876724190738,404.966156681627,"lhs_02",0.116124956330894,0.116896761698517,0,1.08244525116927
"cum_cs_w[9]",218.9265,219,22.3749283006277,22.239,184,255,1.04587468824836,124.996886341784,275.055611683254,"lhs_02",0.116124956330894,0.116896761698517,0,1.08244525116927
"cum_cs_w[10]",215.577,216,23.183481358587,23.7216,178,254,1.04257405024211,128.477040805218,388.285469771888,"lhs_02",0.116124956330894,0.116896761698517,0,1.08244525116927
"cum_cs_w[11]",210.395,210,24.0422958761325,23.7216,171,250,1.05710764946152,107.493881583427,108.502563000328,"lhs_02",0.116124956330894,0.116896761698517,0,1.08244525116927
"cs_pop[1]",1.176239023,1.17428,0.125025364280598,0.126510258,0.97317895,1.380359,1.00575798235697,815.985503829845,1714.29254587121,"lhs_02",0.116124956330894,0.116896761698517,0,1.08244525116927
"cs_pop[2]",1.88477866,1.880865,0.128259150761579,0.126258216,1.6768665,2.1036615,1.01715611673146,309.573963370356,889.695062042191,"lhs_02",0.116124956330894,0.116896761698517,0,1.08244525116927
"cs_pop[3]",2.51035897,2.50652,0.16458300949535,0.169861482,2.249185,2.790829,1.01878600053003,275.476271295503,871.86195640725,"lhs_02",0.116124956330894,0.116896761698517,0,1.08244525116927
"cs_pop[4]",2.523815625,2.522505,0.166362368785983,0.170024568,2.258219,2.804749,1.02023247925295,256.56223965973,953.533549708214,"lhs_02",0.116124956330894,0.116896761698517,0,1.08244525116927
"cs_pop[5]",2.18006032,2.17443,0.231854975188495,0.23210103,1.8134355,2.566103,1.00356771689576,691.733980934126,1646.19455951894,"lhs_02",0.116124956330894,0.116896761698517,0,1.08244525116927
"cs_pop[6]",2.702741865,2.697645,0.195414958620875,0.194850705,2.387918,3.047389,1.01525329569186,312.56141105876,1146.67761333662,"lhs_02",0.116124956330894,0.116896761698517,0,1.08244525116927
"cs_pop[7]",3.964124615,3.942545,0.474578971361438,0.480399465,3.215371,4.7733765,1.00533828396011,1319.3087935972,1774.51860681576,"lhs_02",0.116124956330894,0.116896761698517,0,1.08244525116927
"cs_pop[8]",6.042614915,6.030055,0.388262719217233,0.392577654,5.4085615,6.6935665,1.02181085011751,243.106547038247,576.115570226205,"lhs_02",0.116124956330894,0.116896761698517,0,1.08244525116927
"cs_pop[9]",5.539405125,5.526945,0.353913173823732,0.357706902,4.966577,6.125496,1.02011684482073,253.804633722876,563.898765147427,"lhs_02",0.116124956330894,0.116896761698517,0,1.08244525116927
"cs_pop[10]",5.42038438,5.412605,0.345521267995668,0.352851387,4.87295,6.0042005,1.01866247133157,260.773816252729,619.66190262115,"lhs_02",0.116124956330894,0.116896761698517,0,1.08244525116927
"gst_pop[1]",12.32895176,12.3091,0.840055487316753,0.8680623,10.98966,13.72276,1.01644180209817,326.161005905646,1270.60145708141,"lhs_02",0.116124956330894,0.116896761698517,0,1.08244525116927
"gst_pop[2]",17.07497095,17.0548,1.12307803440223,1.12262472,15.251875,18.961705,1.01888903594098,276.752729574037,832.566213842412,"lhs_02",0.116124956330894,0.116896761698517,0,1.08244525116927
"gst_pop[3]",22.35551325,22.33855,1.44968421440677,1.46013861,19.999,24.849745,1.01893985936116,270.787196796088,760.901421030624,"lhs_02",0.116124956330894,0.116896761698517,0,1.08244525116927
"gst_pop[4]",20.98293365,20.9601,1.36863993395893,1.37496324,18.79885,23.30242,1.02003924018905,258.367858334919,998.964328368429,"lhs_02",0.116124956330894,0.116896761698517,0,1.08244525116927
"gst_pop[5]",18.26524215,18.2554,1.20668689334792,1.19564277,16.314915,20.274055,1.0172992867725,276.113696090494,754.398360068741,"lhs_02",0.116124956330894,0.116896761698517,0,1.08244525116927
"gst_pop[6]",25.26282365,25.216,1.62261346760043,1.59638955,22.670065,27.976925,1.02429052716197,235.387791897225,620.072792208174,"lhs_02",0.116124956330894,0.116896761698517,0,1.08244525116927
"gst_pop[7]",43.39813655,43.3316,2.77842317751198,2.8658658,38.962855,48.01343,1.02229482720026,238.282267947349,553.759821857736,"lhs_02",0.116124956330894,0.116896761698517,0,1.08244525116927
"gst_pop[8]",50.50928405,50.3889,3.19975495768429,3.24103773,45.379125,55.76981,1.02141067518009,246.941216988621,597.101921204279,"lhs_02",0.116124956330894,0.116896761698517,0,1.08244525116927
"gst_pop[9]",46.88247205,46.7844,2.99705258202179,3.0593451,42.047675,51.868415,1.01798699311838,274.142273579954,624.393923201971,"lhs_02",0.116124956330894,0.116896761698517,0,1.08244525116927
"gst_pop[10]",46.15508275,46.09815,2.96864903228824,2.98551161999999,41.389005,51.18989,1.01654690701373,273.103947012585,1047.3976806134,"lhs_02",0.116124956330894,0.116896761698517,0,1.08244525116927
"s_i",0.12181307515,0.120323,0.0168589450890756,0.0166977825,0.096696695,0.1529228,1.00050183822935,2039.05298701846,1606.69076593688,"lhs_03",0.123830548557712,0.0596016633895152,0,1.0421846646641
"rep",0.1166832607,0.115531,0.0118814162784576,0.0107592282,0.099398155,0.1374876,1.04029544322502,115.365232379196,86.8755793087827,"lhs_03",0.123830548557712,0.0596016633895152,0,1.0421846646641
"rr[1]",7.114033555,5.23393,6.243205600843,4.431676725,1.3326655,19.55415,1.00430825561181,1144.16687522544,952.746487741674,"lhs_03",0.123830548557712,0.0596016633895152,0,1.0421846646641
"rr[2]",1.15837989,1.11049,0.159198014469381,0.120283338,1.0073795,1.4605695,1.00314196309772,1046.53228091897,1106.08807045138,"lhs_03",0.123830548557712,0.0596016633895152,0,1.0421846646641
"rr[3]",1.09774239,1.0661,0.100474837804317,0.066005352,1.0055085,1.288104,1.00447742824611,1013.83951147426,1009.92710951588,"lhs_03",0.123830548557712,0.0596016633895152,0,1.0421846646641
"rr[4]",1.168412475,1.12098,0.167979578956484,0.120172143,1.0103,1.497855,1.00564525664793,733.409441907782,1264.44487622407,"lhs_03",0.123830548557712,0.0596016633895152,0,1.0421846646641
"rr[5]",1.43352703,1.30296,0.445305630334137,0.318529197,1.0171825,2.313159,1.00436746874971,767.328819638655,943.710241526929,"lhs_03",0.123830548557712,0.0596016633895152,0,1.0421846646641
"rr[6]",4.112136795,3.045885,3.25476908938102,2.109554475,1.1575165,10.654495,1.0079422522054,628.653719324807,577.795379607217,"lhs_03",0.123830548557712,0.0596016633895152,0,1.0421846646641
"rrisk",0.481316,0.481316,0,0,0.481316,0.481316,NA,NA,NA,"lhs_03",0.123830548557712,0.0596016633895152,0,1.0421846646641
"i_t[1]",2099.6731,2089.57,239.622299005081,233.472435,1720.16,2506.477,1.03284878004047,134.583103823733,150.637801411414,"lhs_03",0.123830548557712,0.0596016633895152,0,1.0421846646641
"i_t[39]",9838.259855,9825.665,1003.76468924326,987.055776,8216.8855,11549.09,1.03754087171254,125.214032656667,79.5692760180506,"lhs_03",0.123830548557712,0.0596016633895152,0,1.0421846646641
"p1[1]",0.53387951,0.532259,0.153632134652132,0.1610704053,0.2833181,0.7958214,1.00153014798871,2474.62814861296,1489.36429212696,"lhs_03",0.123830548557712,0.0596016633895152,0,1.0421846646641
"p1[2]",0.211985479345,0.187162,0.150360104182781,0.15859261005,0.017549165,0.4864122,1.00021456114474,2546.26013158883,1374.01656631754,"lhs_03",0.123830548557712,0.0596016633895152,0,1.0421846646641
"p1[3]",0.2541350120025,0.2392805,0.152203133623324,0.1694307867,0.031356925,0.5211448,1.00392436436372,2439.36716944846,1255.14236869046,"lhs_03",0.123830548557712,0.0596016633895152,0,1.0421846646641
"p2[1]",0.473351982695,0.481616,0.182656112403362,0.1901301066,0.1633526,0.7628378,1.00471108527649,2344.94883362063,1261.71991611176,"lhs_03",0.123830548557712,0.0596016633895152,0,1.0421846646641
"p2[2]",0.2161636378655,0.1839315,0.163459411616594,0.16229859114,0.01688406,0.5379362,1.00028186380909,2241.7462154083,1162.0934124801,"lhs_03",0.123830548557712,0.0596016633895152,0,1.0421846646641
"p2[3]",0.31048439651,0.298592,0.167273650785978,0.1737496005,0.05560876,0.6093151,1.00375596189717,2380.56915581828,1447.55889776805,"lhs_03",0.123830548557712,0.0596016633895152,0,1.0421846646641
"p3[1]",0.2604916168559,0.2235605,0.196470876909576,0.19788047223,0.016366915,0.6490617,1.00398868880131,2149.25526146843,1152.60707223376,"lhs_03",0.123830548557712,0.0596016633895152,0,1.0421846646641
"p3[2]",0.3626969227335,0.339382,0.234960551480944,0.270329871,0.030508375,0.7857559,1.0006028549283,2654.23320633068,1181.1551176955,"lhs_03",0.123830548557712,0.0596016633895152,0,1.0421846646641
"p3[3]",0.3768114639405,0.359568,0.22774717977168,0.2636085039,0.048569845,0.78047625,1.00172313344974,2389.99313994006,1328.08196425664,"lhs_03",0.123830548557712,0.0596016633895152,0,1.0421846646641
"cum_cs_w[1]",254.2765,253,22.4137064062915,22.239,220,293.05,1.00471892003301,589.954154947611,1706.56181043917,"lhs_03",0.123830548557712,0.0596016633895152,0,1.0421846646641
"cum_cs_w[2]",249.3565,249,21.3622466173451,20.7564,214.95,285,1.00506494058015,517.508144010916,1060.09246875771,"lhs_03",0.123830548557712,0.0596016633895152,0,1.0421846646641
"cum_cs_w[3]",243.9675,243,20.742096350912,20.7564,212,279,1.00904301649345,364.434898825071,1256.43912767471,"lhs_03",0.123830548557712,0.0596016633895152,0,1.0421846646641
"cum_cs_w[4]",239.6875,238,21.3750623483347,22.239,205,277,1.0142407221913,374.831480300209,890.873319523364,"lhs_03",0.123830548557712,0.0596016633895152,0,1.0421846646641
"cum_cs_w[5]",234.259,234,21.1505222464044,20.7564,199,269,1.01918490445896,273.536508442824,526.640806540092,"lhs_03",0.123830548557712,0.0596016633895152,0,1.0421846646641
"cum_cs_w[6]",230.0205,230,21.0440848340633,20.7564,196,265,1.01995602630142,249.002439266255,529.58267266224,"lhs_03",0.123830548557712,0.0596016633895152,0,1.0421846646641
"cum_cs_w[7]",225.59,226,21.6593735881746,20.7564,191,262.05,1.01721847381993,229.18497463852,512.131281212523,"lhs_03",0.123830548557712,0.0596016633895152,0,1.0421846646641
"cum_cs_w[8]",220.352,220,22.0454552470237,22.239,185,258,1.02407267318179,170.605525554839,312.272135135411,"lhs_03",0.123830548557712,0.0596016633895152,0,1.0421846646641
"cum_cs_w[9]",215.5625,215,22.6580843882282,22.239,178.95,253,1.03019959142253,166.20804743219,276.482987858712,"lhs_03",0.123830548557712,0.0596016633895152,0,1.0421846646641
"cum_cs_w[10]",210.313,209,23.7673194478651,22.239,172,250,1.02458307401581,176.612215912594,219.928553548764,"lhs_03",0.123830548557712,0.0596016633895152,0,1.0421846646641
"cum_cs_w[11]",206.4645,206.5,24.7068402214217,22.9803,167.95,249,1.02286354076227,189.322009764951,219.862474920937,"lhs_03",0.123830548557712,0.0596016633895152,0,1.0421846646641
"cs_pop[1]",1.577986235,1.57643,0.171068656901145,0.177860109,1.292222,1.860861,1.00271245713151,1123.17499848102,1560.08611765694,"lhs_03",0.123830548557712,0.0596016633895152,0,1.0421846646641
"cs_pop[2]",2.56684725,2.561055,0.169452678092126,0.16871988,2.295781,2.848424,1.01045637580063,387.999380562939,1147.35364151143,"lhs_03",0.123830548557712,0.0596016633895152,0,1.0421846646641
"cs_pop[3]",3.42380313,3.420875,0.22268834518053,0.227890445999999,3.074964,3.797173,1.01199058086997,337.29157098066,847.910604910723,"lhs_03",0.123830548557712,0.0596016633895152,0,1.0421846646641
"cs_pop[4]",3.47398707,3.463635,0.232602555671402,0.231589533,3.095528,3.8749795,1.01387761889373,322.71163820663,840.475014562488,"lhs_03",0.123830548557712,0.0596016633895152,0,1.0421846646641
"cs_pop[5]",2.916386325,2.90232,0.319354830165162,0.308699559,2.4267625,3.4828995,1.00291274245885,1000.85894953951,1722.62074959904,"lhs_03",0.123830548557712,0.0596016633895152,0,1.0421846646641
"cs_pop[6]",3.639028125,3.63162,0.265904835355559,0.270144546,3.225527,4.090995,1.0079650765601,599.080484340043,1311.00656078005,"lhs_03",0.123830548557712,0.0596016633895152,0,1.0421846646641
"cs_pop[7]",3.33654859,3.298355,0.45914095080919,0.469183596,2.635917,4.1370525,1.00082661129522,1460.90851182577,1718.19787113975,"lhs_03",0.123830548557712,0.0596016633895152,0,1.0421846646641
"cs_pop[8]",4.019700855,4.01499,0.260734305647511,0.25989978,3.6085715,4.469253,1.01166172329794,380.757158930126,904.428483118247,"lhs_03",0.123830548557712,0.0596016633895152,0,1.0421846646641
"cs_pop[9]",3.683711815,3.673535,0.238817385389209,0.240158961,3.304497,4.1021085,1.00925417490235,407.013688159727,881.322459608042,"lhs_03",0.123830548557712,0.0596016633895152,0,1.0421846646641
"cs_pop[10]",3.6071398,3.59754,0.231891896105059,0.236637786,3.2445085,4.001132,1.00884048977882,440.244107291468,1014.36565028802,"lhs_03",0.123830548557712,0.0596016633895152,0,1.0421846646641
"gst_pop[1]",15.79615175,15.73845,1.08081868323968,1.08615276,14.123545,17.68606,1.01052045640547,368.023609974306,708.164136615114,"lhs_03",0.123830548557712,0.0596016633895152,0,1.0421846646641
"gst_pop[2]",21.910145,21.87315,1.42188784064028,1.415883,19.620775,24.329455,1.01203090252604,340.444006075292,889.292947186008,"lhs_03",0.123830548557712,0.0596016633895152,0,1.0421846646641
"gst_pop[3]",28.7065129,28.6357,1.87145186283566,1.89431802,25.767455,31.876925,1.01203168790298,321.829258093558,888.348711887679,"lhs_03",0.123830548557712,0.0596016633895152,0,1.0421846646641
"gst_pop[4]",27.02745455,26.99205,1.76861710437003,1.70298849,24.211025,30.14112,1.01296909931721,342.450790900904,1025.59754769557,"lhs_03",0.123830548557712,0.0596016633895152,0,1.0421846646641
"gst_pop[5]",23.5764222,23.5389,1.53459596251301,1.54227465,21.159665,26.320785,1.01206091561983,363.829017893029,896.509557215915,"lhs_03",0.123830548557712,0.0596016633895152,0,1.0421846646641
"gst_pop[6]",32.65964425,32.5865,2.13134490608895,2.1527352,29.33297,36.39074,1.01058573070091,373.96040988773,1039.89123176848,"lhs_03",0.123830548557712,0.0596016633895152,0,1.0421846646641
"gst_pop[7]",56.5524037,56.44725,3.6488714974124,3.63985713,50.755925,62.86079,1.01082231317588,382.600680260927,875.276616643032,"lhs_03",0.123830548557712,0.0596016633895152,0,1.0421846646641
"gst_pop[8]",66.02877295,65.8621,4.25435433020297,4.39309206000001,59.163935,73.3403,1.01031868830551,415.886405570926,938.610904081468,"lhs_03",0.123830548557712,0.0596016633895152,0,1.0421846646641
"gst_pop[9]",61.23316515,61.1857,3.97481507684673,4.05958119,54.80989,68.035265,1.00731949474834,450.749291107529,1119.91750754141,"lhs_03",0.123830548557712,0.0596016633895152,0,1.0421846646641
"gst_pop[10]",60.22171255,60.14775,3.95080553668639,4.07210916,54.061355,66.962205,1.00805759534885,480.161665148053,995.196888750592,"lhs_03",0.123830548557712,0.0596016633895152,0,1.0421846646641
"s_i",0.12202550575,0.1204745,0.01671977209877,0.0164368449,0.098080045,0.1504782,1.00395873712962,1662.76446228858,1235.03608094354,"lhs_04",0.139604125466119,0.0731156433586665,0,1.05508517728015
"rep",0.132383204,0.131984,0.0131526104639494,0.0133389522,0.11243345,0.1543528,1.05488090457503,68.3490877063207,104.242615460437,"lhs_04",0.139604125466119,0.0731156433586665,0,1.05508517728015
"rr[1]",6.741483005,4.866345,6.04708488622862,4.163555928,1.282862,18.173675,1.00074859333632,1289.63226431783,1083.86528413195,"lhs_04",0.139604125466119,0.0731156433586665,0,1.05508517728015
"rr[2]",1.15302584,1.103705,0.161505390777582,0.106057791,1.0075065,1.478678,1.00558397737921,781.048298988017,963.719999148833,"lhs_04",0.139604125466119,0.0731156433586665,0,1.05508517728015
"rr[3]",1.086461605,1.05817,0.0907420693931588,0.062158005,1.0035995,1.269374,1.00122191237859,775.414025448142,1045.69458290094,"lhs_04",0.139604125466119,0.0731156433586665,0,1.05508517728015
"rr[4]",1.151974285,1.102355,0.163866770855119,0.105664902,1.006327,1.470832,1.00364564663414,521.210693323034,816.79971984725,"lhs_04",0.139604125466119,0.0731156433586665,0,1.05508517728015
"rr[5]",1.394556575,1.25669,0.411685169316599,0.275741361,1.018437,2.226785,1.00869654987633,634.324304004816,934.917981730979,"lhs_04",0.139604125466119,0.0731156433586665,0,1.05508517728015
"rr[6]",3.752760245,2.855905,2.77443830546527,1.935408279,1.1297435,9.289137,1.00269874270931,543.360087757729,829.043571700486,"lhs_04",0.139604125466119,0.0731156433586665,0,1.05508517728015
"rrisk",0.523736,0.523736,0,0,0.523736,0.523736,NA,NA,NA,"lhs_04",0.139604125466119,0.0731156433586665,0,1.05508517728015
"i_t[1]",1855.34359,1845.26,213.04966477524,211.544781,1530.225,2231.4175,1.04226867547717,90.9545036417493,168.118146240452,"lhs_04",0.139604125466119,0.0731156433586665,0,1.05508517728015
"i_t[39]",8688.196695,8628.175,894.492231477006,903.133202999999,7310.6315,10217.795,1.0468595363983,76.3573421845674,149.5737907878,"lhs_04",0.139604125466119,0.0731156433586665,0,1.05508517728015
"p1[1]",0.5306121985,0.5278405,0.156152591729709,0.1572979296,0.27994735,0.8011779,1.00087174328854,1389.98073939392,925.762667000925,"lhs_04",0.139604125466119,0.0731156433586665,0,1.05508517728015
"p1[2]",0.22255036476785,0.1939805,0.162896060843338,0.16241238069,0.01706988,0.53958095,1.00447073487967,1791.2886573578,992.222902801817,"lhs_04",0.139604125466119,0.0731156433586665,0,1.05508517728015
"p1[3]",0.24683743065,0.235723,0.146797711227399,0.1633165443,0.030019245,0.4958083,1.00023840873757,1656.54532408365,1323.81732682047,"lhs_04",0.139604125466119,0.0731156433586665,0,1.05508517728015
"p2[1]",0.4785641888,0.486431,0.190167447441547,0.1987254801,0.1460249,0.7904555,1.00054435975175,1885.77046359824,938.729159286582,"lhs_04",0.139604125466119,0.0731156433586665,0,1.05508517728015
"p2[2]",0.222842316022,0.1860135,0.1670124664329,0.16330564719,0.01747843,0.5559015,1.00323788936571,1742.83152053606,1144.24347069284,"lhs_04",0.139604125466119,0.0731156433586665,0,1.05508517728015
"p2[3]",0.298593496081,0.289596,0.171672578058366,0.1844917788,0.04308828,0.59456865,1.00054437351489,1802.60495860554,1131.73361578729,"lhs_04",0.139604125466119,0.0731156433586665,0,1.05508517728015
"p3[1]",0.2675535307741,0.224605,0.203595813715405,0.20185643478,0.0186163,0.66461235,1.00603972757523,1661.68899693352,1104.06396991549,"lhs_04",0.139604125466119,0.0731156433586665,0,1.05508517728015
"p3[2]",0.3505655838845,0.318844,0.230596797026259,0.2540739033,0.032236775,0.77110785,1.00084331027689,1772.68630355882,1331.26463516107,"lhs_04",0.139604125466119,0.0731156433586665,0,1.05508517728015
"p3[3]",0.381880887365,0.3611285,0.230693816971605,0.2675233092,0.053739275,0.79133975,1.00128946244732,2085.70665945715,1262.47776555004,"lhs_04",0.139604125466119,0.0731156433586665,0,1.05508517728015
"cum_cs_w[1]",256.123,255.5,23.1515413727459,22.9803,219,295,1.0057083919869,395.648530143989,810.150305291719,"lhs_04",0.139604125466119,0.0731156433586665,0,1.05508517728015
"cum_cs_w[2]",251.235,250,22.3183070239256,22.239,217,289,1.01208121105792,244.485801602754,753.539170609405,"lhs_04",0.139604125466119,0.0731156433586665,0,1.05508517728015
"cum_cs_w[3]",247.502,246,22.6462893916775,22.239,211,286,1.02210057977347,187.131156310032,359.701301014434,"lhs_04",0.139604125466119,0.0731156433586665,0,1.05508517728015
"cum_cs_w[4]",242.658,242,22.576711229605,22.239,206,281,1.02440788888123,169.425249197779,368.391413547818,"lhs_04",0.139604125466119,0.0731156433586665,0,1.05508517728015
"cum_cs_w[5]",238.2515,238,22.1439478179136,22.239,204.95,277,1.02280164782118,168.874824775463,350.886744200808,"lhs_04",0.139604125466119,0.0731156433586665,0,1.05508517728015
"cum_cs_w[6]",233.382,232,22.3549982995859,22.239,199,272,1.03359278660816,133.087404209323,306.434378733748,"lhs_04",0.139604125466119,0.0731156433586665,0,1.05508517728015
"cum_cs_w[7]",228.7525,228,22.4772297376331,22.239,193,267,1.02896661689765,116.515275018934,261.190433610881,"lhs_04",0.139604125466119,0.0731156433586665,0,1.05508517728015
"cum_cs_w[8]",224.372,223,23.2413789790628,23.7216,187,265,1.03503632069284,115.852062076055,218.575794879009,"lhs_04",0.139604125466119,0.0731156433586665,0,1.05508517728015
"cum_cs_w[9]",220.6315,219,24.1667690044006,25.2042,184,261.05,1.0301645674634,119.011400979847,237.055557374552,"lhs_04",0.139604125466119,0.0731156433586665,0,1.05508517728015
"cum_cs_w[10]",215.4175,214,24.4245055627743,23.7216,178,257.05,1.03564632986849,102.829570922828,185.525162841609,"lhs_04",0.139604125466119,0.0731156433586665,0,1.05508517728015
"cum_cs_w[11]",210.678,210,24.7558627878566,25.2042,171,253,1.03839956190046,98.7523934205644,202.414986940153,"lhs_04",0.139604125466119,0.0731156433586665,0,1.05508517728015
"cs_pop[1]",1.546741328,1.54358,0.171415274597765,0.170499,1.2716965,1.828469,1.01684036716469,343.650911513187,925.241587720898,"lhs_04",0.139604125466119,0.0731156433586665,0,1.05508517728015
"cs_pop[2]",2.510970795,2.50789,0.177070679304205,0.17376072,2.2303775,2.796202,1.02622444608193,173.875924839615,450.526061229844,"lhs_04",0.139604125466119,0.0731156433586665,0,1.05508517728015
"cs_pop[3]",3.35025735,3.3465,0.231096368155289,0.230907537,2.9910025,3.7425345,1.02788894159053,157.874158922266,316.333200360443,"lhs_04",0.139604125466119,0.0731156433586665,0,1.05508517728015
"cs_pop[4]",3.39230389,3.379875,0.232517453418103,0.230573952,3.0247605,3.787652,1.02227339230696,176.843129648425,327.248189213884,"lhs_04",0.139604125466119,0.0731156433586665,0,1.05508517728015
"cs_pop[5]",2.855536695,2.84479,0.310692880716458,0.306868548,2.360551,3.364645,1.00424758630894,652.78152957691,1391.52728471372,"lhs_04",0.139604125466119,0.0731156433586665,0,1.05508517728015
"cs_pop[6]",3.564051715,3.55608,0.271743298138428,0.265815353999999,3.1236365,4.0152405,1.01794779739757,240.267922383417,444.136082699154,"lhs_04",0.139604125466119,0.0731156433586665,0,1.05508517728015
"cs_pop[7]",3.436198515,3.41431,0.46312950495647,0.457248666,2.7112185,4.214335,1.00215549719074,1116.34475211639,1483.43443673617,"lhs_04",0.139604125466119,0.0731156433586665,0,1.05508517728015
"cs_pop[8]",4.26495615,4.255445,0.292281019301801,0.285971301,3.798533,4.765249,1.02570353939667,163.367178864211,350.449953462339,"lhs_04",0.139604125466119,0.0731156433586665,0,1.05508517728015
"cs_pop[9]",3.907315015,3.89446,0.265531419564593,0.260114757,3.48122,4.366107,1.02476562540038,169.644525029144,341.608703262728,"lhs_04",0.139604125466119,0.0731156433586665,0,1.05508517728015
"cs_pop[10]",3.826678685,3.815875,0.260018845410492,0.255096156,3.418165,4.2582705,1.02362944548764,179.756955783552,527.220757855833,"lhs_04",0.139604125466119,0.0731156433586665,0,1.05508517728015
"gst_pop[1]",13.7092106,13.69155,0.988043794286141,0.98066577,12.1372,15.37808,1.02509154016034,178.389055080914,556.276745209483,"lhs_04",0.139604125466119,0.0731156433586665,0,1.05508517728015
"gst_pop[2]",19.00379695,18.97835,1.28357957762725,1.29290133,16.920665,21.148995,1.02560902512174,176.067567614112,410.6525915521,"lhs_04",0.139604125466119,0.0731156433586665,0,1.05508517728015
"gst_pop[3]",24.8998061,24.8187,1.70199288852777,1.69713222,22.297595,27.77972,1.02614083525659,163.575746890653,340.769533878843,"lhs_04",0.139604125466119,0.0731156433586665,0,1.05508517728015
"gst_pop[4]",23.41323655,23.32945,1.58722886326493,1.5411627,20.89763,26.063715,1.02431053660204,167.486234135425,367.628259471519,"lhs_04",0.139604125466119,0.0731156433586665,0,1.05508517728015
"gst_pop[5]",20.42223235,20.3849,1.38845272950126,1.34212365,18.21076,22.831375,1.02658260899212,162.125290256353,339.842751739938,"lhs_04",0.139604125466119,0.0731156433586665,0,1.05508517728015
"gst_pop[6]",28.31904555,28.2709,1.90715246702419,1.84049964,25.27469,31.605885,1.02428294982308,169.961581168006,253.649276351394,"lhs_04",0.139604125466119,0.0731156433586665,0,1.05508517728015
"gst_pop[7]",48.96925765,48.86925,3.31321507923378,3.22072611000001,43.557085,54.563615,1.0277038355563,150.973053701359,331.49120212138,"lhs_04",0.139604125466119,0.0731156433586665,0,1.05508517728015
"gst_pop[8]",57.09508135,56.9926,3.88654755763081,3.86313669,50.959225,63.705115,1.02306969779034,177.673038577643,309.468109001929,"lhs_04",0.139604125466119,0.0731156433586665,0,1.05508517728015
"gst_pop[9]",52.9258917,52.82775,3.58284462294239,3.42955032,47.237275,59.00426,1.02426890114132,176.167223112593,404.700696733063,"lhs_04",0.139604125466119,0.0731156433586665,0,1.05508517728015
"gst_pop[10]",52.1224636,51.95195,3.60085924953372,3.55616436,46.501615,58.342905,1.02074548485604,202.704099009111,706.784330397598,"lhs_04",0.139604125466119,0.0731156433586665,0,1.05508517728015
"s_i",0.12159034805,0.119624,0.0179134565099797,0.0167719125,0.095963715,0.15299065,1.00065251075692,2088.91085773006,1340.85249472026,"lhs_05",0.150276027222405,0.0679982781760195,0,1.07365098867907
"rep",0.1427209835,0.1397525,0.0166495723393056,0.0135257598,0.12114225,0.17569255,1.07347606079015,74.9884489646329,114.269420932802,"lhs_05",0.150276027222405,0.0679982781760195,0,1.07365098867907
"rr[1]",7.200120425,5.0884,6.46293581122092,4.148114649,1.3224555,20.120705,1.00497617401813,1078.14740423136,1215.21382859677,"lhs_05",0.150276027222405,0.0679982781760195,0,1.07365098867907
"rr[2]",1.162139155,1.114655,0.158626493415326,0.116851119,1.010378,1.464223,1.00353744266223,723.020635505752,1164.71614183554,"lhs_05",0.150276027222405,0.0679982781760195,0,1.07365098867907
"rr[3]",1.10040089,1.069045,0.101087665258139,0.0691855290000001,1.0047895,1.297259,1.00767159259653,762.061854565956,1010.00829911701,"lhs_05",0.150276027222405,0.0679982781760195,0,1.07365098867907
"rr[4]",1.187855855,1.13014,0.194695978465618,0.132062595,1.008505,1.564131,1.01427762868577,361.725549413873,815.706354903572,"lhs_05",0.150276027222405,0.0679982781760195,0,1.07365098867907
"rr[5]",1.49741329,1.358425,0.481033568790295,0.356594952,1.0313575,2.4717985,1.0056018353404,320.100694493305,792.101464839829,"lhs_05",0.150276027222405,0.0679982781760195,0,1.07365098867907
"rr[6]",4.6783018,3.5108,3.70418002996131,2.603897793,1.1984485,12.010945,1.01286168681927,287.585949721347,407.318746474484,"lhs_05",0.150276027222405,0.0679982781760195,0,1.07365098867907
"rrisk",0.452489,0.452489,0,0,0.452489,0.452489,NA,NA,NA,"lhs_05",0.150276027222405,0.0679982781760195,0,1.07365098867907
"i_t[1]",1722.334425,1728.25,212.184980030267,203.798196,1357.823,2067.097,1.05873195753486,94.5382382995705,149.241655425773,"lhs_05",0.150276027222405,0.0679982781760195,0,1.07365098867907
"i_t[39]",8078.399655,8118.45,908.002775443356,880.14549,6481.7175,9539.364,1.06465863368627,80.1602783143452,118.293846372391,"lhs_05",0.150276027222405,0.0679982781760195,0,1.07365098867907
"p1[1]",0.527276044,0.526793,0.148118616168444,0.15574713,0.29190195,0.77358435,1.00178446063298,2253.81852293375,1494.46519052965,"lhs_05",0.150276027222405,0.0679982781760195,0,1.07365098867907
"p1[2]",0.22057187452275,0.1937365,0.157794454365849,0.16745981826,0.01708213,0.52900105,1.00053383875348,2529.30424715919,974.773119008348,"lhs_05",0.150276027222405,0.0679982781760195,0,1.07365098867907
"p1[3]",0.252152085463,0.2406125,0.149382321909649,0.1635248496,0.03020179,0.51013055,1.00071890474762,2383.41986109593,1521.75848219683,"lhs_05",0.150276027222405,0.0679982781760195,0,1.07365098867907
"p2[1]",0.461090292955,0.4592695,0.182467298637371,0.1965519885,0.1547478,0.76226125,1.00371670628929,1282.09692041416,966.78781359169,"lhs_05",0.150276027222405,0.0679982781760195,0,1.07365098867907
"p2[2]",0.2200077003775,0.1879055,0.160551342101877,0.16593933783,0.016113985,0.52664955,1.00054856602355,2155.39210808036,1212.10542803052,"lhs_05",0.150276027222405,0.0679982781760195,0,1.07365098867907
"p2[3]",0.318901995515,0.309107,0.166234656266956,0.1788082317,0.060924765,0.60946545,1.00040527154148,2099.52684207833,1428.10472789629,"lhs_05",0.150276027222405,0.0679982781760195,0,1.07365098867907
"p3[1]",0.2717309217675,0.2270055,0.204486272922817,0.19792361589,0.01905974,0.676791949999999,1.0042120541793,2161.86776850169,1243.40422857897,"lhs_05",0.150276027222405,0.0679982781760195,0,1.07365098867907
"p3[2]",0.3600763932625,0.335548,0.233110822517975,0.2725278255,0.04290189,0.78572125,0.999764436740083,2553.93816559329,1476.41659420141,"lhs_05",0.150276027222405,0.0679982781760195,0,1.07365098867907
"p3[3]",0.36819267559,0.348223,0.227499790000931,0.2608286289,0.04209547,0.7641738,1.00118050255927,2165.70662144029,1376.04355593601,"lhs_05",0.150276027222405,0.0679982781760195,0,1.07365098867907
"cum_cs_w[1]",252.3345,252,22.6823467519807,22.239,214,290,1.00635390643282,665.917297280303,1318.65504805202,"lhs_05",0.150276027222405,0.0679982781760195,0,1.07365098867907
"cum_cs_w[2]",246.9015,246,22.0560203066166,22.239,210,284,1.008943744257,397.792857780882,938.861034914087,"lhs_05",0.150276027222405,0.0679982781760195,0,1.07365098867907
"cum_cs_w[3]",241.413,241,21.8073659942186,22.239,207,278,1.01600154340614,276.421993428317,532.490801446359,"lhs_05",0.150276027222405,0.0679982781760195,0,1.07365098867907
"cum_cs_w[4]",236.712,236,21.6324070902491,20.7564,201,273,1.02010732619943,223.767983230195,631.947268622873,"lhs_05",0.150276027222405,0.0679982781760195,0,1.07365098867907
"cum_cs_w[5]",231.5015,231,22.0543010283011,22.239,195,267,1.03098452888496,179.649200538276,484.857202703953,"lhs_05",0.150276027222405,0.0679982781760195,0,1.07365098867907
"cum_cs_w[6]",225.9225,226,21.8074362520665,20.7564,190,263,1.03519769238768,151.317036073712,319.515861635328,"lhs_05",0.150276027222405,0.0679982781760195,0,1.07365098867907
"cum_cs_w[7]",220.906,221,22.6928545322842,22.239,184,258,1.03776145800813,139.607219491385,293.311237295812,"lhs_05",0.150276027222405,0.0679982781760195,0,1.07365098867907
"cum_cs_w[8]",215.921,216,22.8951054141701,22.9803,178,253.05,1.04534878248896,121.699273734021,239.610090410314,"lhs_05",0.150276027222405,0.0679982781760195,0,1.07365098867907
"cum_cs_w[9]",210.919,211,24.2881122197177,23.7216,170,251,1.04983484877269,113.187801474064,224.632394655005,"lhs_05",0.150276027222405,0.0679982781760195,0,1.07365098867907
"cum_cs_w[10]",205.2595,206,24.812960348387,25.2042,163,246,1.04914056500535,109.476751630576,165.665741237575,"lhs_05",0.150276027222405,0.0679982781760195,0,1.07365098867907
"cum_cs_w[11]",199.957,201,25.5764976025805,25.2042,155,241,1.04780030615555,109.301186369661,209.459840296228,"lhs_05",0.150276027222405,0.0679982781760195,0,1.07365098867907
"cs_pop[1]",1.59205525,1.58818,0.174421991534907,0.175191429,1.319589,1.8835255,1.00652479858487,624.249118690246,1121.8269898801,"lhs_05",0.150276027222405,0.0679982781760195,0,1.07365098867907
"cs_pop[2]",2.59343423,2.591465,0.179553263410353,0.185525151,2.317487,2.899457,1.01813245537864,257.306108009876,545.828113791685,"lhs_05",0.150276027222405,0.0679982781760195,0,1.07365098867907
"cs_pop[3]",3.46220374,3.455715,0.228038306541988,0.237445803,3.1034115,3.849812,1.02051027989921,247.44776813375,595.285662860543,"lhs_05",0.150276027222405,0.0679982781760195,0,1.07365098867907
"cs_pop[4]",3.508173525,3.50431,0.235118683383227,0.240522198,3.134581,3.905221,1.01988697856791,260.048141201807,700.584333328197,"lhs_05",0.150276027222405,0.0679982781760195,0,1.07365098867907
"cs_pop[5]",2.9338266,2.92688,0.316411770340873,0.314081396999999,2.432098,3.473244,1.00578310500042,834.89840771654,1336.20958949949,"lhs_05",0.150276027222405,0.0679982781760195,0,1.07365098867907
"cs_pop[6]",3.672642455,3.66347,0.276234751392292,0.272531532,3.237224,4.1438625,1.0122549809903,392.893425732199,1076.42156136498,"lhs_05",0.150276027222405,0.0679982781760195,0,1.07365098867907
"cs_pop[7]",3.282577895,3.248055,0.438885516159244,0.442452318,2.618565,4.0543565,1.00142240826059,1561.22478974489,1838.74749322128,"lhs_05",0.150276027222405,0.0679982781760195,0,1.07365098867907
"cs_pop[8]",3.823897875,3.81328,0.252002317648835,0.25181961,3.4264185,4.2534055,1.017674889279,296.020064630081,755.265503826148,"lhs_05",0.150276027222405,0.0679982781760195,0,1.07365098867907
"cs_pop[9]",3.510639575,3.502035,0.230161506577717,0.233153676,3.1507045,3.8947535,1.01489237699452,338.22563652078,714.930408142735,"lhs_05",0.150276027222405,0.0679982781760195,0,1.07365098867907
"cs_pop[10]",3.440135655,3.43202,0.225561267588407,0.22631889,3.078498,3.8250575,1.01265499284742,387.458674096907,1102.47097807457,"lhs_05",0.150276027222405,0.0679982781760195,0,1.07365098867907
"gst_pop[1]",13.1490237,13.12045,0.9102979385711,0.90853728,11.72247,14.72141,1.0186107897424,260.452240442933,545.716613780915,"lhs_05",0.150276027222405,0.0679982781760195,0,1.07365098867907
"gst_pop[2]",18.2508551,18.23975,1.20813984202696,1.23715557,16.315905,20.3133,1.01889246333042,255.366330019536,821.08594472776,"lhs_05",0.150276027222405,0.0679982781760195,0,1.07365098867907
"gst_pop[3]",23.91999815,23.8686,1.54817747441878,1.57533663,21.460985,26.52703,1.02098567562428,248.479506890852,535.041155178147,"lhs_05",0.150276027222405,0.0679982781760195,0,1.07365098867907
"gst_pop[4]",22.489342,22.47795,1.50402852746938,1.52655909,20.152895,24.95523,1.01875529553558,265.642523971478,772.536297427182,"lhs_05",0.150276027222405,0.0679982781760195,0,1.07365098867907
"gst_pop[5]",19.6314735,19.5733,1.3226325111714,1.36236114,17.515015,21.874165,1.01787926575724,260.670523607582,557.627567061446,"lhs_05",0.150276027222405,0.0679982781760195,0,1.07365098867907
"gst_pop[6]",27.2439773,27.1679,1.77782241867991,1.81826064,24.463375,30.296355,1.01679542065499,296.862938289335,812.567830856737,"lhs_05",0.150276027222405,0.0679982781760195,0,1.07365098867907
"gst_pop[7]",47.17995,47.0398,3.09520689844833,3.15059913,42.305205,52.463545,1.01808908620663,292.766796908936,677.789765514164,"lhs_05",0.150276027222405,0.0679982781760195,0,1.07365098867907
"gst_pop[8]",55.1056514,54.96035,3.61708222052154,3.64815969,49.46887,61.365455,1.01558832313867,347.942307637413,672.987260382916,"lhs_05",0.150276027222405,0.0679982781760195,0,1.07365098867907
"gst_pop[9]",51.1946661,51.10715,3.35618545018132,3.36854133000001,45.942125,56.92421,1.0116815601219,394.069742415228,923.988503760807,"lhs_05",0.150276027222405,0.0679982781760195,0,1.07365098867907
"gst_pop[10]",50.35860725,50.17065,3.35961025071522,3.44163350999999,45.051265,56.09197,1.01143264841404,436.673213509468,1029.10333100521,"lhs_05",0.150276027222405,0.0679982781760195,0,1.07365098867907
"s_i",0.12178095625,0.119902,0.016941244109379,0.0162908088,0.09715123,0.1524093,1.00328532805781,1627.70325861767,1308.48778516819,"lhs_06",0.15134530995559,0.0625751335025502,0,1.13447720737379
"rep",0.140415652,0.139528,0.0157244804930492,0.0142055319,0.11630415,0.16987515,1.13447720737379,29.6444632476534,135.001808949896,"lhs_06",0.15134530995559,0.0625751335025502,0,1.13447720737379
"rr[1]",7.248864685,5.162285,6.46623156982403,4.284669522,1.376552,20.393255,1.00939347145461,973.96739768357,1149.22286811431,"lhs_06",0.15134530995559,0.0625751335025502,0,1.13447720737379
"rr[2]",1.16219096,1.10468,0.16559038274431,0.111002262,1.0085205,1.4989005,1.0044749236794,827.24755446366,937.302927311292,"lhs_06",0.15134530995559,0.0625751335025502,0,1.13447720737379
"rr[3]",1.101268475,1.072505,0.0978036409486671,0.073336809,1.005847,1.2918915,1.01024336307495,645.823547562811,1065.78949891007,"lhs_06",0.15134530995559,0.0625751335025502,0,1.13447720737379
"rr[4]",1.19467563,1.130945,0.195497119194401,0.13721463,1.009856,1.5870765,1.01695049196926,350.067969593473,1058.13605203898,"lhs_06",0.15134530995559,0.0625751335025502,0,1.13447720737379
"rr[5]",1.530849555,1.36241,0.52112383202748,0.370864977,1.0267265,2.5812135,1.01931439527014,254.968369249129,672.566908660892,"lhs_06",0.15134530995559,0.0625751335025502,0,1.13447720737379
"rr[6]",4.8953008,3.762105,3.79636886051236,2.823448614,1.1992865,12.2941,1.03034695320505,140.525276169059,430.981145465992,"lhs_06",0.15134530995559,0.0625751335025502,0,1.13447720737379
"rrisk",0.413459,0.413459,0,0,0.413459,0.413459,NA,NA,NA,"lhs_06",0.15134530995559,0.0625751335025502,0,1.13447720737379
"i_t[1]",1752.790425,1740.495,216.702498615319,200.625432,1403.814,2127.487,1.09887294016235,41.7557966606955,130.150235620771,"lhs_06",0.15134530995559,0.0625751335025502,0,1.13447720737379
"i_t[39]",8199.722215,8151.415,935.9910070538,874.207677,6640.8615,9774.1355,1.12525458077761,31.3210488207344,79.5971096659305,"lhs_06",0.15134530995559,0.0625751335025502,0,1.13447720737379
"p1[1]",0.53258435265,0.526789,0.159369878268945,0.1641935022,0.2754658,0.80843345,1.00118135041549,1601.67413845484,1185.78632917526,"lhs_06",0.15134530995559,0.0625751335025502,0,1.13447720737379
"p1[2]",0.2136646539725,0.181104,0.155161512376813,0.16143253035,0.01879222,0.5169449,1.00010861377091,1589.78649095309,1084.97866253123,"lhs_06",0.15134530995559,0.0625751335025502,0,1.13447720737379
"p1[3]",0.253750989313,0.240182,0.156727095879662,0.1714011621,0.028330155,0.5403183,1.00190909865548,1539.86174604852,1061.42822739245,"lhs_06",0.15134530995559,0.0625751335025502,0,1.13447720737379
"p2[1]",0.457853619185,0.458261,0.18168692762431,0.1968047718,0.15943705,0.75948545,1.00267523262777,1299.88990029899,795.450405374713,"lhs_06",0.15134530995559,0.0625751335025502,0,1.13447720737379
"p2[2]",0.2127443796421,0.1789695,0.153909208867831,0.15968595342,0.019165595,0.51154025,1.00227090264384,1760.49575380419,965.897892009501,"lhs_06",0.15134530995559,0.0625751335025502,0,1.13447720737379
"p2[3]",0.32940198794,0.3194115,0.169039435971541,0.1754153016,0.06538643,0.6337869,1.00438498816201,1718.74245564474,1082.06279624101,"lhs_06",0.15134530995559,0.0625751335025502,0,1.13447720737379
"p3[1]",0.2777578414775,0.230186,0.209911929183537,0.2169140169,0.022550695,0.69657375,1.00021446803561,1424.56025661995,1106.66349661443,"lhs_06",0.15134530995559,0.0625751335025502,0,1.13447720737379
"p3[2]",0.367551700735,0.334463,0.247585962148424,0.2837807595,0.02931946,0.81064685,1.00351143089257,1854.32911046557,1472.55227955212,"lhs_06",0.15134530995559,0.0625751335025502,0,1.13447720737379
"p3[3]",0.3546904592048,0.3226535,0.225842828309601,0.2493184638,0.037434685,0.77272765,1.00094626251438,1677.9539587825,1442.53106860261,"lhs_06",0.15134530995559,0.0625751335025502,0,1.13447720737379
"cum_cs_w[1]",251.9545,252,22.2765695861428,22.239,216,290,1.01220188592653,351.190443103086,980.582337903124,"lhs_06",0.15134530995559,0.0625751335025502,0,1.13447720737379
"cum_cs_w[2]",246.6915,246,22.427702260025,22.239,211,283,1.01858945029809,204.707409288433,544.380928548315,"lhs_06",0.15134530995559,0.0625751335025502,0,1.13447720737379
"cum_cs_w[3]",241.3655,240,22.0426824518895,20.7564,206.95,279,1.03670050663718,118.672104068063,540.423016797966,"lhs_06",0.15134530995559,0.0625751335025502,0,1.13447720737379
"cum_cs_w[4]",236.393,235,22.1129383398274,22.239,202,273,1.03783294449298,123.445532379791,665.443827478295,"lhs_06",0.15134530995559,0.0625751335025502,0,1.13447720737379
"cum_cs_w[5]",231.159,230,21.9084620490503,22.239,197.95,269,1.03750435684893,112.684074051219,418.615950496747,"lhs_06",0.15134530995559,0.0625751335025502,0,1.13447720737379
"cum_cs_w[6]",225.2555,224,22.2805841926549,22.239,190,264,1.05397666612087,77.488145531139,296.419897096978,"lhs_06",0.15134530995559,0.0625751335025502,0,1.13447720737379
"cum_cs_w[7]",219.7885,219,22.5971476804407,22.239,184,261,1.05499767656944,82.0559435586452,213.060829765696,"lhs_06",0.15134530995559,0.0625751335025502,0,1.13447720737379
"cum_cs_w[8]",214.5805,213,23.6392243149623,22.239,177.95,255,1.07472422094741,51.0893665110295,207.963997221041,"lhs_06",0.15134530995559,0.0625751335025502,0,1.13447720737379
"cum_cs_w[9]",209.846,209,24.0155711535019,23.7216,173,250.05,1.06433642535758,69.253715188347,204.54897588343,"lhs_06",0.15134530995559,0.0625751335025502,0,1.13447720737379
"cum_cs_w[10]",203.9665,203,25.2873308654977,23.7216,163,247,1.08114622800893,50.7951229137213,159.444604408863,"lhs_06",0.15134530995559,0.0625751335025502,0,1.13447720737379
"cum_cs_w[11]",199.28,198,26.2722232568435,25.2042,157.95,245,1.0853065923137,42.5355202064861,133.936137729691,"lhs_06",0.15134530995559,0.0625751335025502,0,1.13447720737379
"cs_pop[1]",1.641721255,1.633825,0.189245522207033,0.188668263,1.3391115,1.9660795,1.01393359612285,374.140970026645,942.631164868605,"lhs_06",0.15134530995559,0.0625751335025502,0,1.13447720737379
"cs_pop[2]",2.67170555,2.656675,0.188512530312815,0.188653437,2.3808185,3.0016335,1.03151192987535,144.74832322372,519.404629745264,"lhs_06",0.15134530995559,0.0625751335025502,0,1.13447720737379
"cs_pop[3]",3.56427368,3.552375,0.243036073711538,0.243138987,3.193102,3.964611,1.031314666894,144.61081927014,545.107159653369,"lhs_06",0.15134530995559,0.0625751335025502,0,1.13447720737379
"cs_pop[4]",3.614776185,3.602905,0.244511601637148,0.240885435,3.2482195,4.0438715,1.03077151754527,147.199218491525,455.704599613821,"lhs_06",0.15134530995559,0.0625751335025502,0,1.13447720737379
"cs_pop[5]",3.011403,2.991305,0.327893567837819,0.322917693,2.4972015,3.586269,1.01262865728635,393.386510311992,1359.31302347942,"lhs_06",0.15134530995559,0.0625751335025502,0,1.13447720737379
"cs_pop[6]",3.78104083,3.77169,0.288689756800881,0.282635451,3.307771,4.2618825,1.02695656382475,168.301712452878,439.81670915292,"lhs_06",0.15134530995559,0.0625751335025502,0,1.13447720737379
"cs_pop[7]",3.22869135,3.200785,0.461135080375647,0.476218533,2.53168,4.031883,1.00147563349045,1361.92666599523,1271.82903458213,"lhs_06",0.15134530995559,0.0625751335025502,0,1.13447720737379
"cs_pop[8]",3.607348475,3.59702,0.240394498874182,0.234984687,3.234302,4.017165,1.02494639480798,188.848391393599,444.041771915172,"lhs_06",0.15134530995559,0.0625751335025502,0,1.13447720737379
"cs_pop[9]",3.310795675,3.297195,0.221292980246545,0.215362476,2.9680125,3.6866765,1.02247051539451,221.484037669538,680.538525255694,"lhs_06",0.15134530995559,0.0625751335025502,0,1.13447720737379
"cs_pop[10]",3.243419825,3.23362,0.215382744466975,0.212412102,2.910425,3.6089855,1.02144906128683,228.20159181435,605.817343323711,"lhs_06",0.15134530995559,0.0625751335025502,0,1.13447720737379
"gst_pop[1]",13.4469173,13.39595,0.943038308223,0.918025919999999,12.025765,15.096865,1.03153780322492,145.771751409064,488.273447302271,"lhs_06",0.15134530995559,0.0625751335025502,0,1.13447720737379
"gst_pop[2]",18.66572255,18.56025,1.26220395491315,1.27614795,16.72186,20.85163,1.03132793428088,153.323351348238,531.262347717112,"lhs_06",0.15134530995559,0.0625751335025502,0,1.13447720737379
"gst_pop[3]",24.46215345,24.3795,1.64313053829604,1.61128968,21.98798,27.20523,1.03070983707525,145.397607245904,460.765533328439,"lhs_06",0.15134530995559,0.0625751335025502,0,1.13447720737379
"gst_pop[4]",23.0198191,22.96515,1.53602201748031,1.5426453,20.721095,25.58062,1.03058394595181,147.285982674533,352.910693456797,"lhs_06",0.15134530995559,0.0625751335025502,0,1.13447720737379
"gst_pop[5]",20.0969825,20.0564,1.36218434800607,1.36117506,18.00476,22.3781,1.0280571283783,158.482994909917,588.939889118654,"lhs_06",0.15134530995559,0.0625751335025502,0,1.13447720737379
"gst_pop[6]",27.90905905,27.819,1.87127336971919,1.8747477,25.067645,31.14524,1.02675530886274,177.996128552104,479.136046807608,"lhs_06",0.15134530995559,0.0625751335025502,0,1.13447720737379
"gst_pop[7]",48.3788268,48.2813,3.19704398253369,3.27691665,43.449735,53.913245,1.02769101048748,176.830359684802,454.563043625996,"lhs_06",0.15134530995559,0.0625751335025502,0,1.13447720737379
"gst_pop[8]",56.5170733,56.3177,3.76929796192076,3.74979192,50.764645,62.822795,1.02161389124242,218.408315401514,534.202101767532,"lhs_06",0.15134530995559,0.0625751335025502,0,1.13447720737379
"gst_pop[9]",52.5066505,52.3305,3.53860160601088,3.48433239,47.05532,58.648745,1.0195758461152,254.772338522031,784.551762200998,"lhs_06",0.15134530995559,0.0625751335025502,0,1.13447720737379
"gst_pop[10]",51.600607,51.4725,3.47935682463549,3.43733397,46.326295,57.59282,1.01871883836616,267.069236385232,771.425195890275,"lhs_06",0.15134530995559,0.0625751335025502,0,1.13447720737379
"s_i",0.1211851839,0.1196925,0.0163469927071056,0.0159105219,0.097362845,0.1503111,1.00127117791948,2085.14238746407,1332.01121806628,"lhs_07",0.16729343983221,0.079322119540682,0,1.04020223050021
"rep",0.155881639,0.1536975,0.0146663179993312,0.0129045504,0.13520785,0.18346415,1.03653452740589,91.7118001063518,187.945962687437,"lhs_07",0.16729343983221,0.079322119540682,0,1.04020223050021
"rr[1]",6.932182685,5.05821,6.03681034226129,4.29012549,1.3023775,18.55889,1.00161885550905,982.465863706043,846.902757562248,"lhs_07",0.16729343983221,0.079322119540682,0,1.04020223050021
"rr[2]",1.15160413,1.1018,0.152715500672053,0.107570043,1.007245,1.456757,1.00261495301662,1239.70283448732,1097.42679483811,"lhs_07",0.16729343983221,0.079322119540682,0,1.04020223050021
"rr[3]",1.09036802,1.06184,0.0892583927326512,0.0667466520000001,1.004654,1.266413,1.00747322113179,625.633006664939,1095.40514589465,"lhs_07",0.16729343983221,0.079322119540682,0,1.04020223050021
"rr[4]",1.165054055,1.11375,0.169106190937865,0.11757018,1.007599,1.5037995,1.00213104899359,809.523549763118,937.273311043723,"lhs_07",0.16729343983221,0.079322119540682,0,1.04020223050021
"rr[5]",1.43732581,1.295395,0.444269634369777,0.309663249,1.0194185,2.322321,1.00445857543969,714.649075006888,890.389347106101,"lhs_07",0.16729343983221,0.079322119540682,0,1.04020223050021
"rr[6]",4.06657656,3.14025,3.0147755581018,2.204574309,1.170374,10.185915,1.00417819437567,643.601901167762,1068.22521973265,"lhs_07",0.16729343983221,0.079322119540682,0,1.04020223050021
"rrisk",0.47415,0.47415,0,0,0.47415,0.47415,NA,NA,NA,"lhs_07",0.16729343983221,0.079322119540682,0,1.04020223050021
"i_t[1]",1573.123315,1569.25,170.845281335008,165.443334,1294.791,1859.402,1.0276546723736,126.954770600531,220.296575962301,"lhs_07",0.16729343983221,0.079322119540682,0,1.04020223050021
"i_t[39]",7365.93764,7398.89,695.462093693404,650.928116999999,6160.8055,8495.164,1.03146932339968,99.6127291260443,156.734731778292,"lhs_07",0.16729343983221,0.079322119540682,0,1.04020223050021
"p1[1]",0.5336926025,0.531129,0.160901177844108,0.16360491,0.26863945,0.8065684,0.999979900312135,2489.10391864728,1351.68610941408,"lhs_07",0.16729343983221,0.079322119540682,0,1.04020223050021
"p1[2]",0.2188340835205,0.1852185,0.162011480136021,0.16907622291,0.015218285,0.52464895,1.00058758086038,2317.78329739428,1267.47712726713,"lhs_07",0.16729343983221,0.079322119540682,0,1.04020223050021
"p1[3]",0.2474733258005,0.2339085,0.151884351765024,0.1675501086,0.025917745,0.5134828,1.00030100761736,2133.16523503716,887.308645647605,"lhs_07",0.16729343983221,0.079322119540682,0,1.04020223050021
"p2[1]",0.4668831353,0.473849,0.18686254543335,0.1930011615,0.1428331,0.7665262,1.00382595360873,2460.97022130482,1148.84873932031,"lhs_07",0.16729343983221,0.079322119540682,0,1.04020223050021
"p2[2]",0.2191289623996,0.1792895,0.169432024713433,0.17079752151,0.01549949,0.5438532,1.00164339541624,2024.61707269014,1113.78917620199,"lhs_07",0.16729343983221,0.079322119540682,0,1.04020223050021
"p2[3]",0.31398792496,0.302274,0.170019249938614,0.1811344311,0.05502419,0.60946125,1.00064260319365,2324.50107697385,1493.49472965853,"lhs_07",0.16729343983221,0.079322119540682,0,1.04020223050021
"p3[1]",0.2638549556215,0.222146,0.198216494515862,0.20250996486,0.019504655,0.6493066,1.00283936263388,2337.64083632311,1133.3406486756,"lhs_07",0.16729343983221,0.079322119540682,0,1.04020223050021
"p3[2]",0.367837454587,0.335176,0.235113444450835,0.2655529338,0.03829005,0.8029388,1.00096858177267,2094.55487488314,1107.12928961488,"lhs_07",0.16729343983221,0.079322119540682,0,1.04020223050021
"p3[3]",0.3683075827725,0.3470235,0.235054000181165,0.2747013171,0.031379115,0.7745539,1.00067799358009,2121.53109293664,1236.87777695803,"lhs_07",0.16729343983221,0.079322119540682,0,1.04020223050021
"cum_cs_w[1]",254.104,254,22.081303765584,22.239,218,290,1.00326123608726,719.94502992702,1402.14443861973,"lhs_07",0.16729343983221,0.079322119540682,0,1.04020223050021
"cum_cs_w[2]",249.493,249,21.979228700005,22.239,214,286,1.01104264596435,454.859101763249,1397.349666472,"lhs_07",0.16729343983221,0.079322119540682,0,1.04020223050021
"cum_cs_w[3]",244.6515,244,21.5991969851937,22.239,210,281,1.0069431094853,349.82015099643,1063.60890265449,"lhs_07",0.16729343983221,0.079322119540682,0,1.04020223050021
"cum_cs_w[4]",240.293,240,20.845729136003,20.7564,207,275,1.01058806135415,383.436826732502,1196.42060537993,"lhs_07",0.16729343983221,0.079322119540682,0,1.04020223050021
"cum_cs_w[5]",235.5155,235,20.7868421399951,20.7564,202,270.05,1.01199100016411,271.168321257089,782.216459319041,"lhs_07",0.16729343983221,0.079322119540682,0,1.04020223050021
"cum_cs_w[6]",230.2,230,20.8135917804064,20.7564,197,264.05,1.0138754366656,249.881431596766,624.375653097042,"lhs_07",0.16729343983221,0.079322119540682,0,1.04020223050021
"cum_cs_w[7]",226.102,226,22.2155657519866,22.239,190,263,1.01455919389916,186.219507681675,327.01936312093,"lhs_07",0.16729343983221,0.079322119540682,0,1.04020223050021
"cum_cs_w[8]",221.1195,221,21.889421946378,22.239,185,257,1.01677780781805,186.767078923398,644.459292292036,"lhs_07",0.16729343983221,0.079322119540682,0,1.04020223050021
"cum_cs_w[9]",215.9625,215,22.4176575367436,22.239,179,253,1.01986208274308,163.860506647168,414.312441691098,"lhs_07",0.16729343983221,0.079322119540682,0,1.04020223050021
"cum_cs_w[10]",210.8965,211,22.7416661535544,22.239,173,249,1.02055306445736,152.921206734067,281.85912224276,"lhs_07",0.16729343983221,0.079322119540682,0,1.04020223050021
"cum_cs_w[11]",206.5975,207,23.3991720874305,23.7216,167,245,1.0206853116409,140.322769427057,249.078496400376,"lhs_07",0.16729343983221,0.079322119540682,0,1.04020223050021
"cs_pop[1]",1.59000337,1.58767,0.177566491404989,0.17731896,1.304434,1.890871,1.0050931752586,956.251182150651,1417.75319708383,"lhs_07",0.16729343983221,0.079322119540682,0,1.04020223050021
"cs_pop[2]",2.582029255,2.579205,0.173886201410335,0.170439696,2.301789,2.8682125,1.00914266444406,373.865697644972,1018.09155677567,"lhs_07",0.16729343983221,0.079322119540682,0,1.04020223050021
"cs_pop[3]",3.44589873,3.446115,0.222060452002284,0.215814669,3.080358,3.823282,1.00963553114417,349.654885175035,824.924123725958,"lhs_07",0.16729343983221,0.079322119540682,0,1.04020223050021
"cs_pop[4]",3.488839065,3.486435,0.2199111759853,0.211107414,3.140092,3.8614605,1.00723329498311,381.021202611308,1067.46150418777,"lhs_07",0.16729343983221,0.079322119540682,0,1.04020223050021
"cs_pop[5]",2.91571402,2.900935,0.298269464115674,0.295860243,2.4616145,3.419834,1.00282223995924,1055.64936702536,1377.45026673581,"lhs_07",0.16729343983221,0.079322119540682,0,1.04020223050021
"cs_pop[6]",3.653353065,3.64547,0.264288254696914,0.253850772,3.233737,4.1026105,1.00667051983486,565.038008728451,1004.05941443036,"lhs_07",0.16729343983221,0.079322119540682,0,1.04020223050021
"cs_pop[7]",3.345284355,3.315645,0.455911732346986,0.443883027,2.6398165,4.1324475,1.00235615503652,2158.50401755521,1419.02958221207,"lhs_07",0.16729343983221,0.079322119540682,0,1.04020223050021
"cs_pop[8]",3.98013957,3.975185,0.249519423445858,0.24062598,3.58576,4.4024905,1.00501172370671,442.23314248816,968.816039597404,"lhs_07",0.16729343983221,0.079322119540682,0,1.04020223050021
"cs_pop[9]",3.649378225,3.64492,0.228091607354309,0.227304819,3.28292,4.0322165,1.00529604525421,486.623455615879,1073.35136868089,"lhs_07",0.16729343983221,0.079322119540682,0,1.04020223050021
"cs_pop[10]",3.57329153,3.56806,0.222050070623702,0.218231307,3.219752,3.9427825,1.00481197570772,504.467223125418,929.398722371791,"lhs_07",0.16729343983221,0.079322119540682,0,1.04020223050021
"gst_pop[1]",11.749266915,11.7312,0.786811845198269,0.763687259999998,10.50578,13.116505,1.00779437321328,365.22011361259,1033.02840917933,"lhs_07",0.16729343983221,0.079322119540682,0,1.04020223050021
"gst_pop[2]",16.30822605,16.292,1.05089400706895,1.0311483,14.61686,18.06926,1.00915517175528,382.48234617689,933.181191499437,"lhs_07",0.16729343983221,0.079322119540682,0,1.04020223050021
"gst_pop[3]",21.37633215,21.38005,1.34653080399017,1.3261857,19.23178,23.604505,1.00851213309537,355.227758339246,989.138310594711,"lhs_07",0.16729343983221,0.079322119540682,0,1.04020223050021
"gst_pop[4]",20.0968667,20.07055,1.24788947784071,1.2387123,18.124515,22.246145,1.00769516380532,376.387242805391,1050.12402590355,"lhs_07",0.16729343983221,0.079322119540682,0,1.04020223050021
"gst_pop[5]",17.52917045,17.50525,1.10243474413424,1.07814672,15.810925,19.35365,1.00773407930817,369.836824894597,891.497105663285,"lhs_07",0.16729343983221,0.079322119540682,0,1.04020223050021
"gst_pop[6]",24.3053351,24.27535,1.51536710662859,1.46503119,21.920945,26.80747,1.00652874907246,425.406145240752,1106.20897163386,"lhs_07",0.16729343983221,0.079322119540682,0,1.04020223050021
"gst_pop[7]",42.09915065,42.06435,2.60364877469496,2.50581639,37.941235,46.426935,1.00634580635611,393.194484761546,1004.00921955068,"lhs_07",0.16729343983221,0.079322119540682,0,1.04020223050021
"gst_pop[8]",49.124611,49.0303,3.07512152421385,2.96564478,44.264655,54.35525,1.00461221591003,501.85320290835,1058.91659329585,"lhs_07",0.16729343983221,0.079322119540682,0,1.04020223050021
"gst_pop[9]",45.5843828,45.5204,2.86843297695376,2.86519863,41.075405,50.43818,1.00513417556226,549.844812654319,1155.37063640088,"lhs_07",0.16729343983221,0.079322119540682,0,1.04020223050021
"gst_pop[10]",44.86163325,44.76035,2.82063051416845,2.81567979,40.34291,49.558835,1.00342867116643,569.886440373457,943.530698172331,"lhs_07",0.16729343983221,0.079322119540682,0,1.04020223050021
"s_i",0.12061951305,0.119036,0.016639364136983,0.0155665587,0.095670965,0.15032715,1.00225603908297,2142.18761972953,1569.26568083408,"lhs_08",0.185413439790106,0.080589973548125,0,1.03634193300868
"rep",0.1714923175,0.170222,0.017367913621805,0.0169728048,0.14461355,0.2041356,1.03634193300868,79.1816731931908,147.56146982729,"lhs_08",0.185413439790106,0.080589973548125,0,1.03634193300868
"rr[1]",6.946438595,5.044135,6.02605840136996,4.295188569,1.239869,18.944105,1.00438418182688,649.768562778105,700.203409967762,"lhs_08",0.185413439790106,0.080589973548125,0,1.03634193300868
"rr[2]",1.16091819,1.10685,0.175342112515604,0.112247646,1.0077755,1.5081405,1.0032317221937,984.475606196675,1030.57173845609,"lhs_08",0.185413439790106,0.080589973548125,0,1.03634193300868
"rr[3]",1.09857567,1.064715,0.102293330785114,0.0724250100000001,1.003309,1.308701,1.00220515392427,961.295302477791,877.624598298411,"lhs_08",0.185413439790106,0.080589973548125,0,1.03634193300868
"rr[4]",1.18012582,1.127525,0.179567613464762,0.130498452,1.0066685,1.5517325,1.00711819399483,643.854450283549,1025.39138509172,"lhs_08",0.185413439790106,0.080589973548125,0,1.03634193300868
"rr[5]",1.46800779,1.316935,0.471743105863754,0.32676504,1.0253395,2.4351955,1.00390119836306,632.283477429799,905.996768957555,"lhs_08",0.185413439790106,0.080589973548125,0,1.03634193300868
"rr[6]",4.396415895,3.4634,3.31220170017868,2.611488705,1.1423685,10.96822,1.00576361600116,423.621274096756,482.585620357223,"lhs_08",0.185413439790106,0.080589973548125,0,1.03634193300868
"rrisk",0.43465,0.43465,0,0,0.43465,0.43465,NA,NA,NA,"lhs_08",0.185413439790106,0.080589973548125,0,1.03634193300868
"i_t[1]",1432.156082,1427.01,164.183647740358,169.031226,1176.2035,1701.378,1.02297043444039,104.855213315234,267.730681192723,"lhs_08",0.185413439790106,0.080589973548125,0,1.03634193300868
"i_t[39]",6711.751675,6669.345,708.699487062271,701.477364,5561.7865,7941.459,1.02874697689395,82.8516361251709,196.149385217184,"lhs_08",0.185413439790106,0.080589973548125,0,1.03634193300868
"p1[1]",0.5387375824,0.5374145,0.160457929016296,0.1719645501,0.27064635,0.80620315,0.999135174523017,1899.85009399138,1253.01148148968,"lhs_08",0.185413439790106,0.080589973548125,0,1.03634193300868
"p1[2]",0.2115029808674,0.186314,0.15613236112993,0.164027451,0.015849815,0.5117975,1.00137330444781,2133.61616079275,1227.54143341082,"lhs_08",0.185413439790106,0.080589973548125,0,1.03634193300868
"p1[3]",0.249759446873,0.231095,0.156330237640117,0.1736628684,0.0283175,0.536447,1.00165481808942,1752.58264621494,1118.34317622729,"lhs_08",0.185413439790106,0.080589973548125,0,1.03634193300868
"p2[1]",0.463187285635,0.471182,0.182884702776326,0.1870922592,0.1442021,0.753411,0.999312176478798,1748.18037251625,1109.22689563772,"lhs_08",0.185413439790106,0.080589973548125,0,1.03634193300868
"p2[2]",0.2203482096835,0.186749,0.162874205822795,0.16462634727,0.019486355,0.5322535,1.00108897623053,2040.83057931788,1355.72615021012,"lhs_08",0.185413439790106,0.080589973548125,0,1.03634193300868
"p2[3]",0.3164644984005,0.3040255,0.167285152267952,0.1700994393,0.05931143,0.6069769,1.00038046929703,1990.63867778006,1149.93150035831,"lhs_08",0.185413439790106,0.080589973548125,0,1.03634193300868
"p3[1]",0.2777280533095,0.2297695,0.213231487141058,0.22115062053,0.01825223,0.69915985,0.999830307524021,2607.45127768845,1286.60168633486,"lhs_08",0.185413439790106,0.080589973548125,0,1.03634193300868
"p3[2]",0.36551119083,0.3287815,0.237884083119961,0.2735448891,0.036778525,0.79294385,0.999981221865968,1885.60883868216,1531.81903427639,"lhs_08",0.185413439790106,0.080589973548125,0,1.03634193300868
"p3[3]",0.3567607429725,0.331512,0.229652793795322,0.2547373668,0.02974061,0.7734878,0.999500554327724,1708.44555052189,1226.83139353632,"lhs_08",0.185413439790106,0.080589973548125,0,1.03634193300868
"cum_cs_w[1]",252.261,252,22.9455470203705,23.7216,215,292,1.00291775014871,525.541223031902,957.545828292613,"lhs_08",0.185413439790106,0.080589973548125,0,1.03634193300868
"cum_cs_w[2]",247.6395,247,22.2278784196675,22.239,213,285,1.0011716096172,401.164527636826,887.499874625108,"lhs_08",0.185413439790106,0.080589973548125,0,1.03634193300868
"cum_cs_w[3]",242.0915,242,22.0812571813598,22.239,205,279,1.00153286827513,347.100443156129,1071.30620204199,"lhs_08",0.185413439790106,0.080589973548125,0,1.03634193300868
"cum_cs_w[4]",237.3075,236,21.907804995249,22.239,204,275,1.00871708853167,264.845649114149,562.92743141612,"lhs_08",0.185413439790106,0.080589973548125,0,1.03634193300868
"cum_cs_w[5]",232.705,232,21.6545476682696,22.239,198,270,1.01327565398784,203.528884937478,711.758686085715,"lhs_08",0.185413439790106,0.080589973548125,0,1.03634193300868
"cum_cs_w[6]",228.1235,227,21.7142119647623,22.239,193.95,264,1.00810130776089,186.777730268533,475.482116355894,"lhs_08",0.185413439790106,0.080589973548125,0,1.03634193300868
"cum_cs_w[7]",222.079,221,21.8280551354329,20.7564,188,259,1.00902247781615,171.367172073089,649.880799422915,"lhs_08",0.185413439790106,0.080589973548125,0,1.03634193300868
"cum_cs_w[8]",217.8555,217,22.6459497321184,22.239,181,255,1.0137390191193,139.340521958881,355.561414338522,"lhs_08",0.185413439790106,0.080589973548125,0,1.03634193300868
"cum_cs_w[9]",212.771,212,23.6797154430059,23.7216,177,254,1.01919033466595,134.749182771468,335.47979295626,"lhs_08",0.185413439790106,0.080589973548125,0,1.03634193300868
"cum_cs_w[10]",207.7395,207,24.0011180277772,25.2042,170,249,1.01663733904775,124.898071189159,399.994034336223,"lhs_08",0.185413439790106,0.080589973548125,0,1.03634193300868
"cum_cs_w[11]",202.5465,202,24.4650384590624,25.2042,164,243,1.0209625966219,121.032431788047,367.469557089662,"lhs_08",0.185413439790106,0.080589973548125,0,1.03634193300868
"cs_pop[1]",1.62540597,1.623425,0.187607472740489,0.190284297,1.315417,1.9400325,1.00181139961198,756.631497738811,1109.0129281068,"lhs_08",0.185413439790106,0.080589973548125,0,1.03634193300868
"cs_pop[2]",2.636012065,2.625015,0.18736404204866,0.191188683,2.3417685,2.9630155,1.00260137949439,316.075418542792,914.90773534389,"lhs_08",0.185413439790106,0.080589973548125,0,1.03634193300868
"cs_pop[3]",3.519819775,3.51723,0.243438223768568,0.24381357,3.1280305,3.9279685,1.00244253707628,296.676120559636,590.382200923395,"lhs_08",0.185413439790106,0.080589973548125,0,1.03634193300868
"cs_pop[4]",3.56530258,3.55921,0.243047550363324,0.241567431,3.1710695,3.968288,1.00215650486227,283.134064043045,735.525659671325,"lhs_08",0.185413439790106,0.080589973548125,0,1.03634193300868
"cs_pop[5]",2.97680591,2.95495,0.325638054397989,0.324555966,2.469179,3.5266315,1.00056647473455,1146.43060628024,1472.97296150505,"lhs_08",0.185413439790106,0.080589973548125,0,1.03634193300868
"cs_pop[6]",3.735898025,3.72418,0.284662175347527,0.277253612999999,3.266278,4.2122945,1.00037945780095,466.669226233588,1019.31210348901,"lhs_08",0.185413439790106,0.080589973548125,0,1.03634193300868
"cs_pop[7]",3.25900184,3.234765,0.472138816383256,0.46412793,2.5397025,4.091072,1.00130019071125,1262.86049767621,1332.70404512833,"lhs_08",0.185413439790106,0.080589973548125,0,1.03634193300868
"cs_pop[8]",3.732047555,3.723955,0.251399010602743,0.252968625,3.3367475,4.150266,1.0020916936424,312.067999202273,1048.59166148355,"lhs_08",0.185413439790106,0.080589973548125,0,1.03634193300868
"cs_pop[9]",3.42410505,3.415,0.232278623556017,0.234384234,3.0607355,3.816422,1.00202555091521,350.200068994609,1163.88152850894,"lhs_08",0.185413439790106,0.080589973548125,0,1.03634193300868
"cs_pop[10]",3.35518353,3.342375,0.225296318844942,0.225533112,3.0023665,3.739065,1.0023710100379,378.39208346408,1174.32254525881,"lhs_08",0.185413439790106,0.080589973548125,0,1.03634193300868
"gst_pop[1]",10.82725267,10.8177,0.746587626167649,0.74359803,9.642874,12.116975,1.00273568481795,332.871827592208,879.071775465711,"lhs_08",0.185413439790106,0.080589973548125,0,1.03634193300868
"gst_pop[2]",15.0229591,14.9914,1.02458056873928,1.03389111,13.37464,16.808585,1.00156452411541,308.058825333381,744.783064025582,"lhs_08",0.185413439790106,0.080589973548125,0,1.03634193300868
"gst_pop[3]",19.70067205,19.6969,1.34855765659106,1.37592693,17.568605,21.9932,1.00205802928455,302.890941063085,734.864179968811,"lhs_08",0.185413439790106,0.080589973548125,0,1.03634193300868
"gst_pop[4]",18.5457294,18.49025,1.2424390084791,1.23582123,16.555385,20.638755,1.00281491094633,279.924068826425,806.96755345424,"lhs_08",0.185413439790106,0.080589973548125,0,1.03634193300868
"gst_pop[5]",16.1798502,16.13575,1.09436375129115,1.10045985,14.45449,18.04627,1.00169704275814,298.068114220293,649.245326462477,"lhs_08",0.185413439790106,0.080589973548125,0,1.03634193300868
"gst_pop[6]",22.44404875,22.4059,1.49831469476566,1.50432009,20.067205,24.95315,1.00171462314028,325.486568466582,1011.20732683486,"lhs_08",0.185413439790106,0.080589973548125,0,1.03634193300868
"gst_pop[7]",38.87151185,38.734,2.59503400908326,2.54910831,34.813675,43.371205,1.00288849025245,310.516487060273,1137.40463280011,"lhs_08",0.185413439790106,0.080589973548125,0,1.03634193300868
"gst_pop[8]",45.38764565,45.3053,3.05541371051815,3.02546769,40.58967,50.52175,1.00187299856172,349.897631903286,1042.84092264053,"lhs_08",0.185413439790106,0.080589973548125,0,1.03634193300868
"gst_pop[9]",42.1197641,41.97835,2.85448513979279,2.78839994999999,37.731465,47.06116,1.00210755376946,409.499721393339,1209.27485528836,"lhs_08",0.185413439790106,0.080589973548125,0,1.03634193300868
"gst_pop[10]",41.47981165,41.3048,2.83107207906964,2.79484926,37.06241,46.236755,1.00198332123753,400.412232809895,1086.11068897543,"lhs_08",0.185413439790106,0.080589973548125,0,1.03634193300868
"s_i",0.1210891648,0.118898,0.0165990208754433,0.0166169808,0.09754413,0.15142205,1.00065705096137,2611.46603731806,1548.57899452621,"lhs_09",0.19713109477722,0.0837211877419572,0,1.03415612996629
"rep",0.1788787865,0.1769105,0.0192147745475031,0.0173330766,0.15220875,0.2132736,1.03224919970216,99.1048418629562,157.676842822171,"lhs_09",0.19713109477722,0.0837211877419572,0,1.03415612996629
"rr[1]",6.77564593,4.816935,5.92026950190992,3.89612454,1.347059,18.50151,1.00269869191919,946.462228694491,933.199477752323,"lhs_09",0.19713109477722,0.0837211877419572,0,1.03415612996629
"rr[2]",1.15184402,1.1026,0.153806705127932,0.106754613,1.007579,1.460834,1.0013826306795,972.669811179688,1003.82533654181,"lhs_09",0.19713109477722,0.0837211877419572,0,1.03415612996629
"rr[3]",1.095040625,1.063425,0.102377892871624,0.0676806899999999,1.00361,1.2876605,1.00312002357198,1118.41156060988,1103.64100452081,"lhs_09",0.19713109477722,0.0837211877419572,0,1.03415612996629
"rr[4]",1.172607925,1.11864,0.176810231229355,0.123448689,1.007504,1.5225555,1.00290029746078,924.057129242791,1042.57317101727,"lhs_09",0.19713109477722,0.0837211877419572,0,1.03415612996629
"rr[5]",1.47155009,1.32187,0.488523449455936,0.331049754,1.027879,2.439948,1.0047185547581,842.448069058175,1047.05465724363,"lhs_09",0.19713109477722,0.0837211877419572,0,1.03415612996629
"rr[6]",4.355773075,3.35874,3.2787753474818,2.455059579,1.1774435,10.83367,1.00838430238725,584.188698428185,936.435455202988,"lhs_09",0.19713109477722,0.0837211877419572,0,1.03415612996629
"rrisk",0.424698,0.424698,0,0,0.424698,0.424698,NA,NA,NA,"lhs_09",0.19713109477722,0.0837211877419572,0,1.03415612996629
"i_t[1]",1374.9677605,1373.82,158.80630334323,160.63971,1115.47,1634.9455,1.02637219402972,129.288415649682,171.210801527199,"lhs_09",0.19713109477722,0.0837211877419572,0,1.03415612996629
"i_t[39]",6432.00202,6418.7,678.187955082903,654.145359,5290.248,7526.354,1.03181979399802,103.687985199654,164.038422318231,"lhs_09",0.19713109477722,0.0837211877419572,0,1.03415612996629
"p1[1]",0.5324718685,0.5285855,0.153862809022962,0.1583965362,0.279561,0.7952233,1.00168611868901,2452.86131637466,1302.90999453212,"lhs_09",0.19713109477722,0.0837211877419572,0,1.03415612996629
"p1[2]",0.2155922404195,0.190296,0.152626948394668,0.1610956095,0.01757442,0.50362155,1.00007482746758,2815.30315711505,1270.86707477621,"lhs_09",0.19713109477722,0.0837211877419572,0,1.03415612996629
"p1[3]",0.2519358890615,0.2379785,0.153898299647861,0.1708970781,0.028506255,0.5240236,0.999429335160441,2338.1806987989,1272.78654996762,"lhs_09",0.19713109477722,0.0837211877419572,0,1.03415612996629
"p2[1]",0.456858171635,0.4643195,0.180088982831095,0.1860010656,0.14042165,0.74518,1.00040748337062,2207.9622516102,759.159031285119,"lhs_09",0.19713109477722,0.0837211877419572,0,1.03415612996629
"p2[2]",0.214853454713,0.1814595,0.16104975659759,0.1617309036,0.016860495,0.5235799,1.00366074757854,1971.84034463478,1211.48776132762,"lhs_09",0.19713109477722,0.0837211877419572,0,1.03415612996629
"p2[3]",0.32828837508,0.317994,0.164359402898929,0.1694923146,0.066617305,0.6213354,1.00181108504752,2304.62219510897,1280.9064633428,"lhs_09",0.19713109477722,0.0837211877419572,0,1.03415612996629
"p3[1]",0.26652965015965,0.223806,0.203592586924622,0.20065085859,0.01740324,0.670663,1.00384456622374,2412.23591208547,1069.74143247449,"lhs_09",0.19713109477722,0.0837211877419572,0,1.03415612996629
"p3[2]",0.368271175672,0.3418615,0.240218613445846,0.2801543199,0.03000085,0.8083178,1.00232775771898,2047.57963420422,1021.70435691341,"lhs_09",0.19713109477722,0.0837211877419572,0,1.03415612996629
"p3[3]",0.3651991691015,0.3370225,0.227855919425243,0.2604861483,0.03943793,0.77828775,1.00382448853249,2007.17169844638,1172.861400622,"lhs_09",0.19713109477722,0.0837211877419572,0,1.03415612996629
"cum_cs_w[1]",253.8575,253,23.1475289782495,22.239,217,292,1.00447147725826,644.129819234686,1614.84103865089,"lhs_09",0.19713109477722,0.0837211877419572,0,1.03415612996629
"cum_cs_w[2]",249.1835,250,21.8137513423027,22.239,213,284,1.00366226210463,642.918917331251,1475.60021361077,"lhs_09",0.19713109477722,0.0837211877419572,0,1.03415612996629
"cum_cs_w[3]",244.2595,244,21.9030827114845,22.239,209,281,1.00720182352263,415.804226001701,884.509431291414,"lhs_09",0.19713109477722,0.0837211877419572,0,1.03415612996629
"cum_cs_w[4]",239.718,240,21.7936678413476,22.239,204,276,1.01039345792993,313.782138634902,1044.44848848933,"lhs_09",0.19713109477722,0.0837211877419572,0,1.03415612996629
"cum_cs_w[5]",234.3325,234,21.7873653385212,22.239,200,271,1.0094547931032,292.433416265757,1119.17298539009,"lhs_09",0.19713109477722,0.0837211877419572,0,1.03415612996629
"cum_cs_w[6]",229.101,229,22.0205415720314,22.239,193,266,1.01360244119897,232.723929340193,695.897984450049,"lhs_09",0.19713109477722,0.0837211877419572,0,1.03415612996629
"cum_cs_w[7]",224.2,224,22.7051924211499,23.7216,189,262,1.01651896607856,203.736717125703,591.734088813601,"lhs_09",0.19713109477722,0.0837211877419572,0,1.03415612996629
"cum_cs_w[8]",219.406,220,22.1698424657795,22.239,183,255,1.01323782856518,197.537699423325,628.471347889345,"lhs_09",0.19713109477722,0.0837211877419572,0,1.03415612996629
"cum_cs_w[9]",214.935,214,23.5833598630733,23.7216,177,254,1.02981260562197,146.651809540528,362.866568215736,"lhs_09",0.19713109477722,0.0837211877419572,0,1.03415612996629
"cum_cs_w[10]",209.753,210,24.2834477353805,23.7216,170,250.05,1.02724126459216,139.025206424641,341.198737860856,"lhs_09",0.19713109477722,0.0837211877419572,0,1.03415612996629
"cum_cs_w[11]",204.741,204,24.9398660272811,23.7216,163.95,247,1.02194664694149,158.779018515343,381.460437003274,"lhs_09",0.19713109477722,0.0837211877419572,0,1.03415612996629
"cs_pop[1]",1.643500485,1.644945,0.179649871582461,0.182078106,1.3482225,1.9340755,1.00337139269593,916.86686016916,1445.46454857508,"lhs_09",0.19713109477722,0.0837211877419572,0,1.03415612996629
"cs_pop[2]",2.67319761,2.669545,0.183977063410683,0.182634081,2.384464,2.9770805,1.00924928781659,406.013799242889,1302.04376121568,"lhs_09",0.19713109477722,0.0837211877419572,0,1.03415612996629
"cs_pop[3]",3.566601635,3.561145,0.231521381596484,0.230366388,3.1886745,3.9510315,1.00894436183169,363.394001513353,1047.94700169464,"lhs_09",0.19713109477722,0.0837211877419572,0,1.03415612996629
"cs_pop[4]",3.61604399,3.61191,0.242924608338365,0.248320674,3.232152,4.0251335,1.00818879110851,396.974359875779,1188.1531266434,"lhs_09",0.19713109477722,0.0837211877419572,0,1.03415612996629
"cs_pop[5]",3.010724445,3.00937,0.326986654882011,0.325912545,2.486598,3.545187,1.00317440641955,1025.74566407787,1388.28955549325,"lhs_09",0.19713109477722,0.0837211877419572,0,1.03415612996629
"cs_pop[6]",3.779142545,3.773625,0.277158202187113,0.277290678,3.323873,4.2422885,1.00659304589142,518.73324631082,1224.13739854644,"lhs_09",0.19713109477722,0.0837211877419572,0,1.03415612996629
"cs_pop[7]",3.26167613,3.23896,0.46350491263183,0.467552736,2.532856,4.067442,0.999948685933966,1778.88621826561,1446.49207949405,"lhs_09",0.19713109477722,0.0837211877419572,0,1.03415612996629
"cs_pop[8]",3.702287155,3.699205,0.240102466871031,0.248950779,3.319444,4.108713,1.00706361676149,439.277693926455,901.378652067493,"lhs_09",0.19713109477722,0.0837211877419572,0,1.03415612996629
"cs_pop[9]",3.39633979,3.38753,0.222015860323026,0.224347032,3.0420175,3.768859,1.00654004559637,479.152426617536,1470.32413275807,"lhs_09",0.19713109477722,0.0837211877419572,0,1.03415612996629
"cs_pop[10]",3.32481398,3.320555,0.215165591882682,0.221811786,2.985017,3.687164,1.00666009985211,485.914209842026,1276.55175510193,"lhs_09",0.19713109477722,0.0837211877419572,0,1.03415612996629
"gst_pop[1]",10.32986971,10.31375,0.694959078956184,0.705213515999999,9.1885775,11.499955,1.01003627820586,357.646926960197,1352.17283001207,"lhs_09",0.19713109477722,0.0837211877419572,0,1.03415612996629
"gst_pop[2]",14.33454955,14.31655,0.94751736525962,0.962800439999999,12.80929,15.852875,1.00925519837941,398.442161398805,1059.98405311127,"lhs_09",0.19713109477722,0.0837211877419572,0,1.03415612996629
"gst_pop[3]",18.7838872,18.76435,1.21443585806037,1.21706634,16.820965,20.83788,1.00872075255865,367.068780635509,1054.87949924706,"lhs_09",0.19713109477722,0.0837211877419572,0,1.03415612996629
"gst_pop[4]",17.67839765,17.66105,1.17442388635531,1.1964582,15.809115,19.64365,1.00860598032538,404.870880888488,1107.38247986165,"lhs_09",0.19713109477722,0.0837211877419572,0,1.03415612996629
"gst_pop[5]",15.4258546,15.41705,1.01447678561568,1.02506964,13.815735,17.142195,1.00883464972842,421.760397731375,1007.0202997728,"lhs_09",0.19713109477722,0.0837211877419572,0,1.03415612996629
"gst_pop[6]",21.4036693,21.35775,1.3641659451146,1.36614176999999,19.185785,23.664405,1.00759514109984,427.598976396945,1247.85381513151,"lhs_09",0.19713109477722,0.0837211877419572,0,1.03415612996629
"gst_pop[7]",37.0866566,37.0346,2.38869171073224,2.41604496,33.26966,41.143565,1.00785792395336,412.777747896863,937.198506859037,"lhs_09",0.19713109477722,0.0837211877419572,0,1.03415612996629
"gst_pop[8]",43.33388215,43.225,2.79407606781611,2.89018043999999,38.885595,47.9726,1.00638450643571,481.801932024382,1149.75529568772,"lhs_09",0.19713109477722,0.0837211877419572,0,1.03415612996629
"gst_pop[9]",40.1987671,40.14125,2.6507652442847,2.71767993,35.98366,44.633985,1.00632796081693,512.661167988654,1419.40643903974,"lhs_09",0.19713109477722,0.0837211877419572,0,1.03415612996629
"gst_pop[10]",39.5321393,39.4369,2.61381842465272,2.65696746,35.427145,44.026965,1.00530380116646,522.857294003143,1003.73677015013,"lhs_09",0.19713109477722,0.0837211877419572,0,1.03415612996629
"s_i",0.1209150908,0.1190845,0.0158072611422601,0.0155976933,0.098142525,0.148523,1.00401288595831,2071.51682412714,1414.92633669982,"lhs_10",0.223351205754526,0.0712785843329878,0,1.14204607989302
"rep",0.1928372085,0.1890685,0.0245780344343146,0.0218349915,0.16003425,0.2390545,1.14078215234371,24.7850821912245,161.437196041146,"lhs_10",0.223351205754526,0.0712785843329878,0,1.14204607989302
"rr[1]",6.85511596,5.0883,5.69158522917866,4.260073188,1.326367,18.080805,1.0086295957672,957.948936549161,1125.74458163203,"lhs_10",0.223351205754526,0.0712785843329878,0,1.14204607989302
"rr[2]",1.158684055,1.10859,0.159517063480299,0.11015718,1.008668,1.494885,1.00721354217887,944.455428468863,942.80608496964,"lhs_10",0.223351205754526,0.0712785843329878,0,1.14204607989302
"rr[3]",1.10182384,1.071825,0.102284477190292,0.07175784,1.0057975,1.303354,1.01128160597401,610.382962556338,995.597247238404,"lhs_10",0.223351205754526,0.0712785843329878,0,1.14204607989302
"rr[4]",1.19495358,1.1329,0.200588922572292,0.134575602,1.00946,1.5988075,1.01010657621312,553.019407662719,946.869229139878,"lhs_10",0.223351205754526,0.0712785843329878,0,1.14204607989302
"rr[5]",1.527282015,1.363125,0.537932831917998,0.373822764,1.025383,2.6333685,1.01901529649029,300.366788074948,828.823309807527,"lhs_10",0.223351205754526,0.0712785843329878,0,1.14204607989302
"rr[6]",5.665154875,4.148635,4.75007835266133,3.247568583,1.262214,14.97361,1.02277767001456,289.897426246706,352.219118495211,"lhs_10",0.223351205754526,0.0712785843329878,0,1.14204607989302
"rrisk",0.319132,0.319132,0,0,0.319132,0.319132,NA,NA,NA,"lhs_10",0.223351205754526,0.0712785843329878,0,1.14204607989302
"i_t[1]",1278.9933435,1278.18,167.709398101091,167.778429,1000.829,1551.749,1.11266437491048,33.0729269733845,139.772480861579,"lhs_10",0.223351205754526,0.0712785843329878,0,1.14204607989302
"i_t[39]",5993.983445,6028.17,737.571067019127,746.363079,4741.6095,7171.3355,1.13484009059502,26.1511247287493,140.211217114798,"lhs_10",0.223351205754526,0.0712785843329878,0,1.14204607989302
"p1[1]",0.52276889,0.520293,0.153032966403723,0.1654003386,0.27772585,0.7839419,1.00242244942859,2056.0964970095,1216.67989792779,"lhs_10",0.223351205754526,0.0712785843329878,0,1.14204607989302
"p1[2]",0.2169663236505,0.1915645,0.153117363201582,0.16130080134,0.019781495,0.510154,1.00122456263953,2430.31838874881,1027.33490638435,"lhs_10",0.223351205754526,0.0712785843329878,0,1.14204607989302
"p1[3]",0.2602647892235,0.250701,0.150679230419103,0.1682432241,0.037019885,0.5257011,1.00244341332365,2237.1007440962,1124.85064689316,"lhs_10",0.223351205754526,0.0712785843329878,0,1.14204607989302
"p2[1]",0.43086423048,0.4315525,0.180876847006339,0.1843398123,0.1209932,0.72368625,1.00190815820041,1674.77405212281,932.725149776625,"lhs_10",0.223351205754526,0.0712785843329878,0,1.14204607989302
"p2[2]",0.20708888225905,0.1736885,0.155115636018977,0.15329624394,0.01512418,0.5143471,1.00117917397186,1602.99890256766,1034.08190752073,"lhs_10",0.223351205754526,0.0712785843329878,0,1.14204607989302
"p2[3]",0.362046884645,0.3557655,0.162095416711213,0.172433793,0.1062074,0.63155945,0.99960850370007,2209.98101969325,1502.95039575029,"lhs_10",0.223351205754526,0.0712785843329878,0,1.14204607989302
"p3[1]",0.2819344680085,0.2345455,0.213447565549277,0.22645462203,0.02103588,0.70543925,1.00414190239365,1882.79817217515,922.537555069827,"lhs_10",0.223351205754526,0.0712785843329878,0,1.14204607989302
"p3[2]",0.380254986955,0.361997,0.24338949587937,0.2891611149,0.037180385,0.817537,1.00050822980178,2374.58041426836,1206.47316313085,"lhs_10",0.223351205754526,0.0712785843329878,0,1.14204607989302
"p3[3]",0.337810559047,0.30745,0.230652028596868,0.258209616,0.029346355,0.7640616,1.00036310758178,1640.91416926732,1127.47285791696,"lhs_10",0.223351205754526,0.0712785843329878,0,1.14204607989302
"cum_cs_w[1]",253.2995,253,23.274656916425,22.239,215.95,294.05,1.01731508610781,472.964599508197,1189.53520778162,"lhs_10",0.223351205754526,0.0712785843329878,0,1.14204607989302
"cum_cs_w[2]",248.006,248,22.3565845431769,22.239,212,284,1.03254305169409,189.119957065396,1051.46974891687,"lhs_10",0.223351205754526,0.0712785843329878,0,1.14204607989302
"cum_cs_w[3]",242.0945,242,21.9515262453947,22.239,206,279,1.02532228279664,272.197564297489,1031.15866659179,"lhs_10",0.223351205754526,0.0712785843329878,0,1.14204607989302
"cum_cs_w[4]",236.4225,236,21.911573477871,20.7564,201,273,1.04718632394707,77.7023634046439,446.730254509519,"lhs_10",0.223351205754526,0.0712785843329878,0,1.14204607989302
"cum_cs_w[5]",230.9605,231,23.1817090734869,22.239,193,269,1.05141119366872,91.6175157439752,440.074928982938,"lhs_10",0.223351205754526,0.0712785843329878,0,1.14204607989302
"cum_cs_w[6]",226.0855,225,22.7945823879957,22.239,190.95,264.05,1.07442110357551,44.308481999602,251.114801307159,"lhs_10",0.223351205754526,0.0712785843329878,0,1.14204607989302
"cum_cs_w[7]",219.9835,219,23.5100742139359,22.239,182,260,1.07553411125484,45.0035755736427,146.695403854156,"lhs_10",0.223351205754526,0.0712785843329878,0,1.14204607989302
"cum_cs_w[8]",214.6445,215,23.8398466625616,23.7216,175,254,1.08234341455179,40.1605086551247,176.778113949184,"lhs_10",0.223351205754526,0.0712785843329878,0,1.14204607989302
"cum_cs_w[9]",209.5605,209,24.9841638637755,23.7216,169,251,1.08489445889027,40.6965668076495,228.759243376809,"lhs_10",0.223351205754526,0.0712785843329878,0,1.14204607989302
"cum_cs_w[10]",203.9615,205,26.1937029223894,25.2042,161,248,1.09904437841225,33.9224656294039,93.4233932439584,"lhs_10",0.223351205754526,0.0712785843329878,0,1.14204607989302
"cum_cs_w[11]",197.9855,198,27.482374901291,28.1694,153,243,1.09650323222589,37.716043192478,209.636259912974,"lhs_10",0.223351205754526,0.0712785843329878,0,1.14204607989302
"cs_pop[1]",1.76413446,1.76176,0.19521913408748,0.192448893,1.4441985,2.0886065,1.01213733860706,646.000991668551,1095.57209710925,"lhs_10",0.223351205754526,0.0712785843329878,0,1.14204607989302
"cs_pop[2]",2.882465355,2.87381,0.202817425270046,0.197326647,2.564378,3.223666,1.04178389046762,103.715972690934,571.987588784726,"lhs_10",0.223351205754526,0.0712785843329878,0,1.14204607989302
"cs_pop[3]",3.850395375,3.837675,0.263065493093046,0.272479641,3.441981,4.2781685,1.04361104784128,130.61624523791,479.820378268992,"lhs_10",0.223351205754526,0.0712785843329878,0,1.14204607989302
"cs_pop[4]",3.91534401,3.90887,0.269329657644054,0.274955583000001,3.489965,4.3729565,1.04466563630785,133.023397040113,587.585222994173,"lhs_10",0.223351205754526,0.0712785843329878,0,1.14204607989302
"cs_pop[5]",3.227484875,3.218275,0.357606979416157,0.370902042,2.6672095,3.84101,1.01024495147725,978.632846724046,1480.96991850546,"lhs_10",0.223351205754526,0.0712785843329878,0,1.14204607989302
"cs_pop[6]",4.06217394,4.052945,0.312357795282611,0.31104948,3.551322,4.59286,1.01978085927892,458.947031956029,972.971067117227,"lhs_10",0.223351205754526,0.0712785843329878,0,1.14204607989302
"cs_pop[7]",3.081848875,3.072315,0.477777822858588,0.488968893,2.3313045,3.8891525,1.00702652343991,946.898586175368,1414.94185462242,"lhs_10",0.223351205754526,0.0712785843329878,0,1.14204607989302
"cs_pop[8]",3.024462315,3.01352,0.205466505028521,0.203509089,2.701848,3.3705565,1.03330682918164,222.808830679735,933.007325732844,"lhs_10",0.223351205754526,0.0712785843329878,0,1.14204607989302
"cs_pop[9]",2.776873145,2.76752,0.189897652967487,0.188267961,2.4871735,3.0955525,1.02917526793964,346.012706340663,1107.15653028858,"lhs_10",0.223351205754526,0.0712785843329878,0,1.14204607989302
"cs_pop[10]",2.72098607,2.711635,0.186333289085353,0.186970686,2.4285015,3.026802,1.02314867501197,414.169762800403,1023.95870137019,"lhs_10",0.223351205754526,0.0712785843329878,0,1.14204607989302
"gst_pop[1]",9.847342515,9.81315,0.693878600422283,0.688052421,8.7733145,11.029295,1.03769844758519,159.184637623797,699.135002729533,"lhs_10",0.223351205754526,0.0712785843329878,0,1.14204607989302
"gst_pop[2]",13.6684047,13.61975,0.938976147450323,0.9533118,12.20283,15.255695,1.04555184796349,96.7014614313894,555.750171961075,"lhs_10",0.223351205754526,0.0712785843329878,0,1.14204607989302
"gst_pop[3]",17.9253451,17.874,1.21582549471657,1.23359733,16.082295,19.92226,1.04351616451602,131.668495016702,960.070657010576,"lhs_10",0.223351205754526,0.0712785843329878,0,1.14204607989302
"gst_pop[4]",16.8920203,16.841,1.14098002357404,1.149015,15.13423,18.82235,1.04277347305346,119.008234531979,746.995477794306,"lhs_10",0.223351205754526,0.0712785843329878,0,1.14204607989302
"gst_pop[5]",14.7408064,14.68065,1.0205320168754,1.01491383,13.161085,16.460545,1.0341933208005,145.517922417047,605.700971318536,"lhs_10",0.223351205754526,0.0712785843329878,0,1.14204607989302
"gst_pop[6]",20.4781633,20.4093,1.38122258185038,1.34872122,18.34944,22.812175,1.03231863391674,236.983967649757,949.150705509896,"lhs_10",0.223351205754526,0.0712785843329878,0,1.14204607989302
"gst_pop[7]",35.5773757,35.5007,2.40113945908406,2.42027037,31.8325,39.584905,1.03409508707816,190.795760174307,894.672846688849,"lhs_10",0.223351205754526,0.0712785843329878,0,1.14204607989302
"gst_pop[8]",41.64560625,41.53085,2.82236249881607,2.78973429,37.277355,46.38077,1.02883071460542,329.781191665768,1237.04928705197,"lhs_10",0.223351205754526,0.0712785843329878,0,1.14204607989302
"gst_pop[9]",38.6708657,38.56475,2.65797731188375,2.66994021,34.661095,43.191445,1.02249158139352,430.675721180619,1256.53959910204,"lhs_10",0.223351205754526,0.0712785843329878,0,1.14204607989302
"gst_pop[10]",38.03085955,37.90795,2.65573253327645,2.59707042,33.807405,42.41755,1.02249206203824,449.016870882269,1068.85395223912,"lhs_10",0.223351205754526,0.0712785843329878,0,1.14204607989302
